Electrode,Cluster,onset_start_ms,onset_end_ms,onset_duration_ms,span_start_ms,span_end_ms,span_duration_ms,Num_Spikes,RS,Method
microGPi1_L_6_CommonFiltered,0,9332.65408,10686.99648,1354.3423999999995,9332.65408,10686.99648,1354.3423999999995,12,6.53120027761186,RankSurprise
microGPi1_L_6_CommonFiltered,0,13033.63584,15567.62624,2533.9903999999988,13033.63584,15567.62624,2533.9903999999988,16,5.113645889113977,RankSurprise
microGPi1_L_6_CommonFiltered,0,17701.4784,18635.07968,933.601279999999,17701.4784,18635.07968,933.601279999999,8,4.185151030349934,RankSurprise
microGPi1_L_6_CommonFiltered,0,24166.35904,24230.62528,64.26624000000083,24166.35904,24230.62528,64.26624000000083,3,4.534285416099321,RankSurprise
microGPi1_L_6_CommonFiltered,0,37452.10368,38051.4304,599.3267199999973,37452.10368,38051.4304,599.3267199999973,8,6.159723315185151,RankSurprise
microGPi1_L_6_CommonFiltered,0,47245.5168,47812.44416,566.9273600000015,47245.5168,47812.44416,566.9273600000015,7,5.789091398051804,RankSurprise
microGPi1_L_6_CommonFiltered,0,60731.8016,60890.89024,159.08864000000176,60731.8016,60890.89024,159.08864000000176,4,4.61061853770731,RankSurprise
microGPi1_L_6_CommonFiltered,1,14775.7056,14942.33088,166.6252800000002,14775.7056,14942.33088,166.6252800000002,4,4.464922411329823,RankSurprise
microGPi1_L_6_CommonFiltered,1,18059.91936,18326.65088,266.7315200000012,18059.91936,18326.65088,266.7315200000012,6,6.961659424551883,RankSurprise
microGPi1_L_6_CommonFiltered,1,21877.80096,21917.2864,39.48544000000038,21877.80096,21917.2864,39.48544000000038,3,5.910057272472649,RankSurprise
microGPi1_L_6_CommonFiltered,1,24828.80512,25415.80288,586.9977599999984,24828.80512,25415.80288,586.9977599999984,7,4.400151850362323,RankSurprise
microGPi1_L_6_CommonFiltered,1,48987.5456,49354.30144,366.75584000000526,48987.5456,49354.30144,366.75584000000526,6,5.328814790153103,RankSurprise
microGPi1_L_6_CommonFiltered,1,50037.92384,50888.00768,850.0838399999993,50037.92384,50888.00768,850.0838399999993,8,5.343214856020648,RankSurprise
microGPi1_L_6_CommonFiltered,1,52088.25856,52288.43008,200.17151999999624,52088.25856,52288.43008,200.17151999999624,4,3.7581324543660912,RankSurprise
microGPi1_L_6_CommonFiltered,2,2276.88448,2398.4128,121.5283199999999,2276.88448,2398.4128,121.5283199999999,3,4.704630979518729,RankSurprise
microGPi1_L_6_CommonFiltered,2,7590.58432,7756.96384,166.3795200000004,7590.58432,7756.96384,166.3795200000004,3,3.728715741309432,RankSurprise
microGPi1_L_6_CommonFiltered,2,22327.95136,22418.14528,90.19392000000153,22327.95136,22418.14528,90.19392000000153,3,5.224209394394315,RankSurprise
microGPi1_L_6_CommonFiltered,2,33846.55872,33971.85536,125.29664000000048,33846.55872,33971.85536,125.29664000000048,3,4.822414015175113,RankSurprise
microGPi1_L_6_CommonFiltered,2,51905.65888,53469.02016,1563.3612799999974,51905.65888,53469.02016,1563.3612799999974,9,4.701745576577758,RankSurprise
microGPi1_L_6_CommonFiltered,4,25414.77888,25532.08832,117.30943999999727,25414.77888,25532.08832,117.30943999999727,3,3.835414171167457,RankSurprise
microGPi1_L_6_CommonFiltered,4,26500.62848,26569.27744,68.64896000000226,26500.62848,26569.27744,68.64896000000226,3,4.690586087985567,RankSurprise
microGPi1_L_6_CommonFiltered,4,31106.53952,31728.59904,622.0595200000025,31106.53952,31728.59904,622.0595200000025,7,5.816853232141982,RankSurprise
microGPi1_L_6_CommonFiltered,4,50468.98688,50521.74336,52.75648000000365,50468.98688,50521.74336,52.75648000000365,4,7.354913605403674,RankSurprise
microGPi1_L_8_CommonFiltered,1,9230.62272,9249.21856,18.595839999999953,9230.62272,9249.21856,18.595839999999953,3,7.148433091587592,RankSurprise
microGPi1_L_8_CommonFiltered,1,12750.27456,15400.87808,2650.6035200000006,12750.27456,15400.87808,2650.6035200000006,28,13.49528709898869,RankSurprise
microGPi1_L_8_CommonFiltered,1,16567.74656,16693.41184,125.66528000000108,16567.74656,16693.41184,125.66528000000108,4,4.492095284907311,RankSurprise
microGPi1_L_8_CommonFiltered,1,36341.88288,36475.20768,133.32480000000214,36341.88288,36475.20768,133.32480000000214,4,4.633310860389443,RankSurprise
microGPi1_L_8_CommonFiltered,1,38492.61056,38642.56512,149.9545599999983,38492.61056,38642.56512,149.9545599999983,4,3.9278971708826464,RankSurprise
microGPi1_L_8_CommonFiltered,1,45751.13216,45811.75296,60.62079999999696,45751.13216,45811.75296,60.62079999999696,3,3.973857525615971,RankSurprise
microGPi1_L_8_CommonFiltered,1,52736.24576,52778.43456,42.18880000000354,52736.24576,52778.43456,42.18880000000354,3,4.871165806577837,RankSurprise
microGPi1_L_8_CommonFiltered,1,53250.82624,53253.65248,2.8262399999948684,53250.82624,53253.65248,2.8262399999948684,3,9.633339741375593,RankSurprise
microGPi1_L_8_CommonFiltered,2,52821.85216,53305.1392,483.2870399999956,52821.85216,53305.1392,483.2870399999956,8,8.526361995745347,RankSurprise
microGPi1_L_8_CommonFiltered,2,69541.19168,69567.73376,26.54207999999926,69541.19168,69567.73376,26.54207999999926,3,6.319740016525017,RankSurprise
microGPi1_L_8_CommonFiltered,3,578.60096,593.1008,14.499840000000063,578.60096,593.1008,14.499840000000063,3,7.507964463882814,RankSurprise
microGPi1_L_8_CommonFiltered,3,20246.7328,20378.2144,131.48159999999916,20246.7328,20378.2144,131.48159999999916,3,3.6039736301519323,RankSurprise
microGPi1_L_8_CommonFiltered,3,28044.73856,28192.64512,147.90655999999944,28044.73856,28192.64512,147.90655999999944,3,3.541453273170598,RankSurprise
microGPi1_L_8_CommonFiltered,3,50151.66976,50262.8352,111.16544000000431,50151.66976,50262.8352,111.16544000000431,3,4.026724374547122,RankSurprise
microGPi1_L_8_CommonFiltered,3,54022.7584,54405.9392,383.1808000000019,54022.7584,54405.9392,383.1808000000019,5,5.052496984717926,RankSurprise
microGPi1_L_8_CommonFiltered,4,3055.4112,3160.51456,105.10336000000007,3055.4112,3160.51456,105.10336000000007,4,5.62293609046265,RankSurprise
microGPi1_L_8_CommonFiltered,4,13542.11328,19727.11424,6185.000959999999,13542.11328,19727.11424,6185.000959999999,37,8.873623495423066,RankSurprise
microGPi1_L_8_CommonFiltered,4,36616.88832,36683.44832,66.56000000000495,36616.88832,36683.44832,66.56000000000495,3,4.733841101396987,RankSurprise
microGPi1_L_8_CommonFiltered,4,53202.7392,53238.62016,35.88095999999496,53202.7392,53238.62016,35.88095999999496,3,5.470005667040622,RankSurprise
microGPi1_L_9_CommonFiltered,0,37.56032,87.61344,50.05312,37.56032,87.61344,50.05312,3,5.362855887685607,RankSurprise
microGPi1_L_9_CommonFiltered,0,17182.47424,20960.74752,3778.2732800000013,17182.47424,20960.74752,3778.2732800000013,20,4.739329665617811,RankSurprise
microGPi1_L_9_CommonFiltered,0,37233.82784,38713.1392,1479.3113599999997,37233.82784,38713.1392,1479.3113599999997,16,12.675807920213227,RankSurprise
microGPi1_L_9_CommonFiltered,0,49521.00864,49610.46528,89.4566399999967,49521.00864,49610.46528,89.4566399999967,3,4.366522448137916,RankSurprise
microGPi1_L_9_CommonFiltered,1,1002.41408,1044.60288,42.1887999999999,1002.41408,1044.60288,42.1887999999999,3,4.51351550158577,RankSurprise
microGPi1_L_9_CommonFiltered,1,8915.92704,9365.99552,450.0684799999999,8915.92704,9365.99552,450.0684799999999,9,8.463841982424444,RankSurprise
microGPi1_L_9_CommonFiltered,1,24124.29312,24166.4,42.106880000003,24124.29312,24166.4,42.106880000003,3,4.632980623425139,RankSurprise
microGPi1_L_9_CommonFiltered,1,37784.65792,39126.30272,1341.6448000000019,37784.65792,39126.30272,1341.6448000000019,12,4.360418819257376,RankSurprise
microGPi1_L_9_CommonFiltered,1,42744.29952,42944.3072,200.00768000000244,42744.29952,42944.3072,200.00768000000244,4,3.612375572595468,RankSurprise
microGPi1_L_9_CommonFiltered,1,49576.71424,49766.64576,189.93151999999827,49576.71424,49766.64576,189.93151999999827,4,3.612375572595468,RankSurprise
microGPi1_L_9_CommonFiltered,1,52596.65408,53534.1056,937.4515200000023,52596.65408,53534.1056,937.4515200000023,13,8.621366509980168,RankSurprise
microGPi1_L_9_CommonFiltered,1,57631.17056,57887.3344,256.1638400000011,57631.17056,57887.3344,256.1638400000011,6,5.968152914291821,RankSurprise
microGPi1_L_9_CommonFiltered,2,53110.1696,53456.93696,346.767359999998,53110.1696,53456.93696,346.767359999998,24,26.34254027245838,RankSurprise
microGPi1_L_9_CommonFiltered,2,54126.46912,54169.3952,42.926079999997455,54126.46912,54169.3952,42.926079999997455,4,4.620387833074915,RankSurprise
microGPi1_L_9_CommonFiltered,2,57446.72768,57962.20928,515.4815999999992,57446.72768,57962.20928,515.4815999999992,8,4.232781008041889,RankSurprise
microGPi1_L_9_CommonFiltered,3,20572.44672,21943.25504,1370.80832,20572.44672,21943.25504,1370.80832,12,3.9170137430926144,RankSurprise
microGPi1_L_9_CommonFiltered,3,52953.4976,53462.09792,508.60031999999774,52953.4976,53462.09792,508.60031999999774,26,29.021307093600367,RankSurprise
microGPi1_L_9_CommonFiltered,3,53987.5328,54132.44928,144.91647999999986,53987.5328,54132.44928,144.91647999999986,9,10.669997585181775,RankSurprise
microGPi1_L_9_CommonFiltered,3,57451.97056,57850.14272,398.1721600000019,57451.97056,57850.14272,398.1721600000019,9,6.064548916702605,RankSurprise
microGPi2_L_3_CommonFiltered,3,5346.79552,5394.59584,47.80032000000028,5346.79552,5394.59584,47.80032000000028,5,7.357342636883994,RankSurprise
microGPi2_L_3_CommonFiltered,3,9293.66016,9540.11648,246.45632000000114,9293.66016,9540.11648,246.45632000000114,6,3.9386540220485244,RankSurprise
microGPi2_L_3_CommonFiltered,3,52954.43968,55912.48896,2958.0492799999993,52954.43968,55912.48896,2958.0492799999993,25,4.982898177266775,RankSurprise
microGPi2_L_3_CommonFiltered,3,58490.6752,58648.69888,158.0236800000057,58490.6752,58648.69888,158.0236800000057,11,13.692409510368625,RankSurprise
microGPi2_L_8_CommonFiltered,0,8344.65792,9941.68832,1597.0303999999996,8344.65792,9941.68832,1597.0303999999996,9,4.096921887121755,RankSurprise
microGPi2_L_8_CommonFiltered,0,16733.184,16816.5376,83.35359999999855,16733.184,16816.5376,83.35359999999855,3,4.712843813811751,RankSurprise
microGPi2_L_8_CommonFiltered,0,20208.39424,20675.66592,467.271679999998,20208.39424,20675.66592,467.271679999998,5,4.407076066633508,RankSurprise
microGPi2_L_8_CommonFiltered,0,27045.72416,28192.5632,1146.839039999999,27045.72416,28192.5632,1146.839039999999,8,5.2364766115228765,RankSurprise
microGPi2_L_8_CommonFiltered,0,57418.21952,58769.408,1351.1884800000043,57418.21952,58769.408,1351.1884800000043,9,5.481603048468973,RankSurprise
microGPi2_L_8_CommonFiltered,2,21894.92224,22202.5728,307.65056000000186,21894.92224,22202.5728,307.65056000000186,3,3.530274423937297,RankSurprise
microGPi2_L_8_CommonFiltered,2,53160.46848,53465.9072,305.4387199999983,53160.46848,53465.9072,305.4387199999983,4,7.0830217037266525,RankSurprise
microGPi2_L_8_CommonFiltered,3,1296.71168,1549.68064,252.96896000000015,1296.71168,1549.68064,252.96896000000015,4,4.099466566229188,RankSurprise
microGPi2_L_8_CommonFiltered,3,15170.51904,16134.7584,964.2393600000014,15170.51904,16134.7584,964.2393600000014,7,4.6230456880758855,RankSurprise
microGPi2_L_8_CommonFiltered,3,19385.5488,20669.48096,1283.9321600000003,19385.5488,20669.48096,1283.9321600000003,13,10.943109310448886,RankSurprise
microGPi2_L_8_CommonFiltered,3,54035.53792,54114.05824,78.52031999999599,54035.53792,54114.05824,78.52031999999599,3,4.181951000223041,RankSurprise
microGPi2_L_8_CommonFiltered,4,1402.51136,3164.48768,1761.9763200000002,1402.51136,3164.48768,1761.9763200000002,18,6.5909689191778735,RankSurprise
microGPi2_L_8_CommonFiltered,4,18610.3808,20759.06048,2148.679680000001,18610.3808,20759.06048,2148.679680000001,18,5.803904810747185,RankSurprise
microGPi2_L_8_CommonFiltered,4,53078.91712,54161.03936,1082.1222400000042,53078.91712,54161.03936,1082.1222400000042,22,18.16719494327927,RankSurprise
microGPi2_L_8_CommonFiltered,4,57925.4272,57935.872,10.444800000004761,57925.4272,57935.872,10.444800000004761,4,8.368611769762246,RankSurprise
microVoSTNSNr_L_2_CommonFiltered,0,3214.00832,3247.7184,33.71008000000029,3214.00832,3247.7184,33.71008000000029,3,3.9573535026776696,RankSurprise
microVoSTNSNr_L_2_CommonFiltered,0,20163.82976,20563.92704,400.09727999999814,20163.82976,20563.92704,400.09727999999814,10,8.69025067746911,RankSurprise
microVoSTNSNr_L_2_CommonFiltered,0,51178.98752,52999.00416,1820.0166399999944,51178.98752,52999.00416,1820.0166399999944,12,5.754196562428621,RankSurprise
microVoSTNSNr_L_2_CommonFiltered,1,3389.39904,3398.2464,8.847360000000208,3389.39904,3398.2464,8.847360000000208,3,6.145717262545757,RankSurprise
microVoSTNSNr_L_2_CommonFiltered,1,24656.44544,25472.73728,816.2918400000017,24656.44544,25472.73728,816.2918400000017,6,3.6636625459663543,RankSurprise
microVoSTNSNr_L_2_CommonFiltered,1,36747.0592,38101.68832,1354.6291199999978,36747.0592,38101.68832,1354.6291199999978,8,4.51973198122441,RankSurprise
microVoSTNSNr_L_2_CommonFiltered,1,52836.59776,53548.07296,711.4752000000008,52836.59776,53548.07296,711.4752000000008,10,8.88600496203658,RankSurprise
microVoSTNSNr_L_4_CommonFiltered,2,2522.68544,4708.63872,2185.9532799999997,2522.68544,4708.63872,2185.9532799999997,11,4.268176082504246,RankSurprise
microVoSTNSNr_L_4_CommonFiltered,2,20027.51488,20586.78272,559.2678400000004,20027.51488,20586.78272,559.2678400000004,8,8.526277744032,RankSurprise
microVoSTNSNr_L_4_CommonFiltered,2,49571.47136,53146.54208,3575.070719999996,49571.47136,53146.54208,3575.070719999996,19,7.926066209554751,RankSurprise
microVoSTNSNr_L_4_CommonFiltered,4,20729.856,21007.19616,277.34015999999974,20729.856,21007.19616,277.34015999999974,5,5.012480310368996,RankSurprise
microVoSTNSNr_L_4_CommonFiltered,4,25211.16672,25348.83328,137.66655999999784,25211.16672,25348.83328,137.66655999999784,8,13.922702621871895,RankSurprise
microVoSTNSNr_L_4_CommonFiltered,4,52859.0848,53062.90176,203.81696000000375,52859.0848,53062.90176,203.81696000000375,5,5.821189953765305,RankSurprise
microVoSTNSNr_L_5_CommonFiltered,0,9038.76608,9059.69664,20.930560000000696,9038.76608,9059.69664,20.930560000000696,3,5.837730447165941,RankSurprise
microVoSTNSNr_L_5_CommonFiltered,0,19925.64736,20531.85536,606.2080000000024,19925.64736,20531.85536,606.2080000000024,6,3.8599562867795405,RankSurprise
microVoSTNSNr_L_5_CommonFiltered,0,48298.76224,48496.88576,198.123520000001,48298.76224,48496.88576,198.123520000001,4,4.127168385062095,RankSurprise
microVoSTNSNr_L_5_CommonFiltered,0,67552.09216,67781.79584,229.703680000006,67552.09216,67781.79584,229.703680000006,5,5.675578433608084,RankSurprise
microVoSTNSNr_L_5_CommonFiltered,4,8997.2736,9030.28736,33.01375999999982,8997.2736,9030.28736,33.01375999999982,3,3.8155383735534674,RankSurprise
microVoSTNSNr_L_5_CommonFiltered,4,9108.93056,9186.46784,77.53727999999865,9108.93056,9186.46784,77.53727999999865,7,10.397967745906882,RankSurprise
microVoSTNSNr_L_5_CommonFiltered,4,15886.1312,15906.77504,20.643840000000637,15886.1312,15906.77504,20.643840000000637,3,5.95203310468214,RankSurprise
microVoSTNSNr_L_5_CommonFiltered,4,16430.2848,16606.8224,176.53759999999966,16430.2848,16606.8224,176.53759999999966,9,7.23385412022921,RankSurprise
microVoSTNSNr_L_5_CommonFiltered,4,16973.53728,17136.06656,162.52927999999883,16973.53728,17136.06656,162.52927999999883,7,3.549491979209354,RankSurprise
microVoSTNSNr_L_5_CommonFiltered,4,19261.89056,19434.00448,172.11391999999978,19261.89056,19434.00448,172.11391999999978,8,5.098485839934743,RankSurprise
microVoSTNSNr_L_5_CommonFiltered,4,22973.80864,22986.79296,12.98431999999957,22973.80864,22986.79296,12.98431999999957,3,8.660083305784351,RankSurprise
microVoSTNSNr_L_5_CommonFiltered,4,23179.96032,23244.02176,64.06144000000131,23179.96032,23244.02176,64.06144000000131,4,3.544450019373521,RankSurprise
microVoSTNSNr_L_5_CommonFiltered,4,26948.56704,27047.5264,98.9593599999971,26948.56704,27047.5264,98.9593599999971,6,5.868906974142568,RankSurprise
microVoSTNSNr_L_5_CommonFiltered,4,29348.78208,29438.85312,90.0710399999989,29348.78208,29438.85312,90.0710399999989,6,6.604579435779193,RankSurprise
microVoSTNSNr_L_5_CommonFiltered,4,30971.86304,31004.2624,32.39935999999943,30971.86304,31004.2624,32.39935999999943,3,3.894289925463383,RankSurprise
microVoSTNSNr_L_5_CommonFiltered,4,33159.3728,33207.05024,47.67743999999948,33159.3728,33207.05024,47.67743999999948,4,5.437937943417017,RankSurprise
microVoSTNSNr_L_5_CommonFiltered,4,33630.86336,33697.25952,66.3961599999966,33630.86336,33697.25952,66.3961599999966,5,6.055766595798865,RankSurprise
microVoSTNSNr_L_5_CommonFiltered,4,38307.47136,38401.39264,93.92127999999502,38307.47136,38401.39264,93.92127999999502,5,3.678066588771472,RankSurprise
microVoSTNSNr_L_5_CommonFiltered,4,40930.304,41006.6944,76.39040000000386,40930.304,41006.6944,76.39040000000386,5,4.967069428646699,RankSurprise
microVoSTNSNr_L_5_CommonFiltered,4,41577.02144,41636.4544,59.43296000000555,41577.02144,41636.4544,59.43296000000555,5,6.913565597688404,RankSurprise
microVoSTNSNr_L_5_CommonFiltered,4,52630.9376,52765.40928,134.47168000000238,52630.9376,52765.40928,134.47168000000238,9,10.585232455888843,RankSurprise
microVoSTNSNr_L_5_CommonFiltered,4,55627.1616,55798.74304,171.58144000000175,55627.1616,55798.74304,171.58144000000175,9,7.687912662485303,RankSurprise
microVoSTNSNr_L_5_CommonFiltered,4,56000.34816,56116.96128,116.6131200000018,56000.34816,56116.96128,116.6131200000018,7,6.997056405734405,RankSurprise
microVoSTNSNr_L_5_CommonFiltered,4,59643.12576,59701.61664,58.49087999999756,59643.12576,59701.61664,58.49087999999756,4,3.789671170699851,RankSurprise
microVoSTNSNr_L_5_CommonFiltered,4,65693.40928,66004.13184,310.7225599999947,65693.40928,66004.13184,310.7225599999947,11,3.7382957478618346,RankSurprise
microVoSTNSNr_L_5_CommonFiltered,4,66699.6736,66859.6224,159.9487999999983,66699.6736,66859.6224,159.9487999999983,7,4.586480445772281,RankSurprise
microVoSTNSNr_L_5_CommonFiltered,4,67092.84864,67294.0032,201.15456000000995,67092.84864,67294.0032,201.15456000000995,14,18.160100345177398,RankSurprise
microVoSTNSNr_L_5_CommonFiltered,4,67660.06272,67743.1296,83.06687999999849,67660.06272,67743.1296,83.06687999999849,6,7.565392196316374,RankSurprise
microVoSTNSNr_L_5_CommonFiltered,4,68186.7264,68309.68832,122.96192000000156,68186.7264,68309.68832,122.96192000000156,6,3.933422086041385,RankSurprise
microVoSTNSNr_L_5_CommonFiltered,4,69396.11136,69486.7968,90.68544000000111,69396.11136,69486.7968,90.68544000000111,7,10.146050073456692,RankSurprise
microVoSTNSNr_L_5_CommonFiltered,4,72497.72544,72550.72768,53.00224000000162,72497.72544,72550.72768,53.00224000000162,4,4.5019997874854845,RankSurprise
microVoSTNSNr_L_7_CommonFiltered,0,18141.10208,18980.74112,839.6390399999982,18141.10208,18980.74112,839.6390399999982,7,3.9174394344489043,RankSurprise
microVoSTNSNr_L_7_CommonFiltered,0,25304.63744,25434.23488,129.59744000000137,25304.63744,25434.23488,129.59744000000137,4,4.232833036843012,RankSurprise
microVoSTNSNr_L_7_CommonFiltered,0,52850.2784,53118.19776,267.91935999999987,52850.2784,53118.19776,267.91935999999987,10,14.209019319496,RankSurprise
microVoSTNSNr_L_9_CommonFiltered,0,183.41888,283.19744,99.77855999999997,183.41888,283.19744,99.77855999999997,5,6.259124290406973,RankSurprise
microVoSTNSNr_L_9_CommonFiltered,0,16848.896,16987.21792,138.3219199999985,16848.896,16987.21792,138.3219199999985,4,3.701914259134089,RankSurprise
microVoSTNSNr_L_9_CommonFiltered,0,24829.62432,24868.82304,39.19872000000032,24829.62432,24868.82304,39.19872000000032,3,3.9282835262999267,RankSurprise
microVoSTNSNr_L_9_CommonFiltered,0,29526.016,29968.22016,442.20416000000114,29526.016,29968.22016,442.20416000000114,7,3.6887329604119885,RankSurprise
microVoSTNSNr_L_9_CommonFiltered,0,42520.04352,43156.48,636.4364800000039,42520.04352,43156.48,636.4364800000039,9,4.345125943939595,RankSurprise
microVoSTNSNr_L_9_CommonFiltered,0,48864.13312,48967.02464,102.89152000000468,48864.13312,48967.02464,102.89152000000468,5,5.912221057720654,RankSurprise
microVoSTNSNr_L_9_CommonFiltered,0,53356.78976,53576.0896,219.29983999999968,53356.78976,53576.0896,219.29983999999968,5,3.9987372378754493,RankSurprise
microVoSTNSNr_L_9_CommonFiltered,0,64275.29216,64319.73376,44.441600000005565,64275.29216,64319.73376,44.441600000005565,4,6.525071282018789,RankSurprise
microVoSTNSNr_L_9_CommonFiltered,0,71839.86688,71923.95776,84.09088000000338,71839.86688,71923.95776,84.09088000000338,4,4.468977104335945,RankSurprise
microVoSTNSNr_L_9_CommonFiltered,1,306.21696,2526.65856,2220.4416,306.21696,2526.65856,2220.4416,8,3.693610235700777,RankSurprise
microVoSTNSNr_L_9_CommonFiltered,1,38069.61664,38249.2672,179.65056000000186,38069.61664,38249.2672,179.65056000000186,3,3.774694940873214,RankSurprise
microVoSTNSNr_L_9_CommonFiltered,1,50675.17952,51043.69664,368.51712000000407,50675.17952,51043.69664,368.51712000000407,4,4.111896188097365,RankSurprise
microVoSTNSNr_L_9_CommonFiltered,2,15509.17632,15590.76864,81.59231999999975,15509.17632,15590.76864,81.59231999999975,3,4.820550346684468,RankSurprise
microVoSTNSNr_L_9_CommonFiltered,2,31778.03776,31851.56096,73.52319999999963,31778.03776,31851.56096,73.52319999999963,3,4.695387203730462,RankSurprise
microVoSTNSNr_L_9_CommonFiltered,2,38723.74784,40541.184,1817.4361599999975,38723.74784,40541.184,1817.4361599999975,11,6.953138237590063,RankSurprise
microVoSTNSNr_L_9_CommonFiltered,2,54067.65056,54307.6352,239.98463999999512,54067.65056,54307.6352,239.98463999999512,4,5.137809436479934,RankSurprise
microVoSTNSNr_L_9_CommonFiltered,3,5251.76832,5357.60896,105.84063999999944,5251.76832,5357.60896,105.84063999999944,4,4.487425502130829,RankSurprise
microVoSTNSNr_L_9_CommonFiltered,3,6710.72256,6819.2256,108.5030399999996,6710.72256,6819.2256,108.5030399999996,4,4.212413215268263,RankSurprise
microVoSTNSNr_L_9_CommonFiltered,3,8055.1936,8465.8176,410.6240000000007,8055.1936,8465.8176,410.6240000000007,7,4.458156307073,RankSurprise
microVoSTNSNr_L_9_CommonFiltered,3,11123.3024,11135.22176,11.91935999999987,11123.3024,11135.22176,11.91935999999987,3,8.745645294072183,RankSurprise
microVoSTNSNr_L_9_CommonFiltered,3,12967.44448,13021.88032,54.4358400000001,12967.44448,13021.88032,54.4358400000001,3,3.8135723224790308,RankSurprise
microVoSTNSNr_L_9_CommonFiltered,3,21205.31968,21251.15392,45.834240000000136,21205.31968,21251.15392,45.834240000000136,3,4.187566715617942,RankSurprise
microVoSTNSNr_L_9_CommonFiltered,3,21931.54048,22514.76992,583.2294399999992,21931.54048,22514.76992,583.2294399999992,8,3.5812841578001664,RankSurprise
microVoSTNSNr_L_9_CommonFiltered,3,30120.30464,30169.66144,49.356800000001385,30120.30464,30169.66144,49.356800000001385,3,3.9416242493389273,RankSurprise
microVoSTNSNr_L_9_CommonFiltered,3,33688.04352,33873.22368,185.18016000000353,33688.04352,33873.22368,185.18016000000353,5,4.394513772784183,RankSurprise
microVoSTNSNr_L_9_CommonFiltered,3,36008.42752,36402.01216,393.58464000000095,36008.42752,36402.01216,393.58464000000095,6,3.631528175087892,RankSurprise
microVoSTNSNr_L_9_CommonFiltered,3,37458.98496,37498.22464,39.23967999999877,37458.98496,37498.22464,39.23967999999877,3,4.601452926122516,RankSurprise
microVoSTNSNr_L_9_CommonFiltered,3,41983.71328,42014.67904,30.965759999999136,41983.71328,42014.67904,30.965759999999136,3,5.184599211468132,RankSurprise
microVoSTNSNr_L_9_CommonFiltered,3,44094.91456,44290.12992,195.21536000000197,44094.91456,44290.12992,195.21536000000197,6,6.545445613554804,RankSurprise
microVoSTNSNr_L_9_CommonFiltered,3,52727.52128,52945.05984,217.53856000000087,52727.52128,52945.05984,217.53856000000087,5,4.0398433055067,RankSurprise
microVoSTNSNr_L_9_CommonFiltered,3,62241.30048,62343.41376,102.11328000000503,62241.30048,62343.41376,102.11328000000503,4,4.609896930499328,RankSurprise
microVoSTNSNr_L_9_CommonFiltered,4,5715.7632,5868.9536,153.1903999999995,5715.7632,5868.9536,153.1903999999995,4,5.259456118191306,RankSurprise
microVoSTNSNr_L_9_CommonFiltered,4,27822.65344,27943.1168,120.46336000000156,27822.65344,27943.1168,120.46336000000156,3,3.5158987507811297,RankSurprise
microVoSTNSNr_L_9_CommonFiltered,4,41611.0592,41891.67616,280.6169599999994,41611.0592,41891.67616,280.6169599999994,4,3.555242928345951,RankSurprise
microVoSTNSNr_L_9_CommonFiltered,4,48061.60384,51407.91296,3346.309119999998,48061.60384,51407.91296,3346.309119999998,17,5.173310751295808,RankSurprise
microVoSTNSNr_L_9_CommonFiltered,4,56808.61184,56897.1264,88.51456000000326,56808.61184,56897.1264,88.51456000000326,3,4.099846639376083,RankSurprise
microVoSTNSNr_L_10_CommonFiltered,2,20590.96064,20814.06976,223.10911999999735,20590.96064,20814.06976,223.10911999999735,4,6.318896732127449,RankSurprise
microVoSTNSNr_L_10_CommonFiltered,2,25009.7664,25635.18464,625.4182399999991,25009.7664,25635.18464,625.4182399999991,5,4.022547858147899,RankSurprise
microVoSTNSNr_L_10_CommonFiltered,2,29687.48032,29867.58144,180.101120000003,29687.48032,29867.58144,180.101120000003,3,4.012357926902888,RankSurprise
microVoSTNSNr_L_10_CommonFiltered,2,52547.3792,54072.15616,1524.7769599999956,52547.3792,54072.15616,1524.7769599999956,10,7.405155645959913,RankSurprise
microVIMPPN_L_1_CommonFiltered,0,44343.82848,44383.0272,39.19872000000032,44343.82848,44383.0272,39.19872000000032,3,4.323422849056126,RankSurprise
microVIMPPN_L_1_CommonFiltered,0,53091.81952,53124.01408,32.19456000000355,53091.81952,53124.01408,32.19456000000355,3,4.592755782839708,RankSurprise
microVIMPPN_L_1_CommonFiltered,0,54004.5312,54699.54048,695.0092800000057,54004.5312,54699.54048,695.0092800000057,11,4.350160598159752,RankSurprise
microVIMPPN_L_1_CommonFiltered,0,54961.23392,56366.16192,1404.9279999999999,54961.23392,56366.16192,1404.9279999999999,23,11.769821860767193,RankSurprise
microVIMPPN_L_1_CommonFiltered,0,57634.24256,57818.43968,184.19712000000436,57634.24256,57818.43968,184.19712000000436,6,5.9193125734947,RankSurprise
microVIMPPN_L_1_CommonFiltered,0,65860.93568,66584.41216,723.4764800000121,65860.93568,66584.41216,723.4764800000121,11,4.831536265560593,RankSurprise
microVIMPPN_L_1_CommonFiltered,0,68575.4368,68705.60768,130.17088000000513,68575.4368,68705.60768,130.17088000000513,4,3.634647747733581,RankSurprise
microVIMPPN_L_1_CommonFiltered,0,68973.52704,69126.5536,153.02655999999843,68973.52704,69126.5536,153.02655999999843,5,4.980909889722799,RankSurprise
microVIMPPN_L_1_CommonFiltered,2,21214.94528,21271.22432,56.27904000000126,21214.94528,21271.22432,56.27904000000126,3,4.4527357914854235,RankSurprise
microVIMPPN_L_1_CommonFiltered,2,36603.57632,36670.83264,67.25632000000041,36603.57632,36670.83264,67.25632000000041,3,4.115056189791494,RankSurprise
microVIMPPN_L_1_CommonFiltered,2,40544.33792,40602.33728,57.999360000001616,40544.33792,40602.33728,57.999360000001616,3,4.696977735241215,RankSurprise
microVIMPPN_L_1_CommonFiltered,2,42381.76256,42475.39712,93.6345599999986,42381.76256,42475.39712,93.6345599999986,4,6.090920180869674,RankSurprise
microVIMPPN_L_1_CommonFiltered,2,43701.08416,44102.90176,401.81760000000213,43701.08416,44102.90176,401.81760000000213,6,4.1928689267088055,RankSurprise
microVIMPPN_L_1_CommonFiltered,2,53132.00128,53150.14656,18.145280000004277,53132.00128,53150.14656,18.145280000004277,3,7.29764517530483,RankSurprise
microVIMPPN_L_1_CommonFiltered,2,53640.64256,53703.31136,62.668799999999464,53640.64256,53703.31136,62.668799999999464,3,4.4527357914854235,RankSurprise
microVIMPPN_L_1_CommonFiltered,2,54671.81056,55918.14144,1246.3308800000013,54671.81056,55918.14144,1246.3308800000013,15,8.527123805847378,RankSurprise
microVIMPPN_L_1_CommonFiltered,2,68780.81024,71999.97952,3219.1692799999873,68780.81024,71999.97952,3219.1692799999873,26,5.289181233825478,RankSurprise
microVIMPPN_L_1_CommonFiltered,2,72439.72608,72526.72512,86.9990400000097,72439.72608,72526.72512,86.9990400000097,3,3.603778179679855,RankSurprise
microVIMPPN_L_1_CommonFiltered,3,2840.3712,2947.35872,106.98752000000013,2840.3712,2947.35872,106.98752000000013,4,4.2538049738528585,RankSurprise
microVIMPPN_L_1_CommonFiltered,3,48612.67968,48663.01952,50.33984000000055,48612.67968,48663.01952,50.33984000000055,3,3.753087407663955,RankSurprise
microVIMPPN_L_1_CommonFiltered,3,54739.31264,55374.72512,635.4124800000063,54739.31264,55374.72512,635.4124800000063,17,16.69339518218103,RankSurprise
microVIMPPN_L_1_CommonFiltered,3,56221.53216,56462.49984,240.9676799999943,56221.53216,56462.49984,240.9676799999943,6,5.5261551818492585,RankSurprise
microVIMPPN_L_1_CommonFiltered,3,57514.3936,57602.78528,88.39167999999336,57514.3936,57602.78528,88.39167999999336,6,9.957250579110227,RankSurprise
microVIMPPN_L_1_CommonFiltered,3,58578.08384,58657.71008,79.62623999999778,58578.08384,58657.71008,79.62623999999778,4,5.045746122139914,RankSurprise
microVIMPPN_L_1_CommonFiltered,3,59553.95584,60005.33504,451.37919999999576,59553.95584,60005.33504,451.37919999999576,8,5.024277502341792,RankSurprise
microVIMPPN_L_1_CommonFiltered,3,62843.82208,64242.64704,1398.8249600000054,62843.82208,64242.64704,1398.8249600000054,17,6.41178347391448,RankSurprise
microVIMPPN_L_1_CommonFiltered,3,65773.28128,66486.84544,713.564160000009,65773.28128,66486.84544,713.564160000009,9,3.651403622314453,RankSurprise
microVIMPPN_L_1_CommonFiltered,3,71068.0576,72362.1888,1294.1312000000034,71068.0576,72362.1888,1294.1312000000034,15,5.584589775879613,RankSurprise
microVIMPPN_L_1_CommonFiltered,4,35592.51968,35855.9744,263.45472000000154,35592.51968,35855.9744,263.45472000000154,5,4.927708924050453,RankSurprise
microVIMPPN_L_1_CommonFiltered,4,53927.1168,57615.31904,3688.2022399999987,53927.1168,57615.31904,3688.2022399999987,32,11.63794303432666,RankSurprise
microVIMPPN_L_1_CommonFiltered,4,60005.70368,60526.51008,520.8064000000013,60005.70368,60526.51008,520.8064000000013,7,5.151291359507291,RankSurprise
microVIMPPN_L_1_CommonFiltered,4,69748.77696,70461.76768,712.9907200000016,69748.77696,70461.76768,712.9907200000016,11,9.361499021633009,RankSurprise
microVIMPPN_L_3_CommonFiltered,3,13760.1024,13793.36192,33.25951999999961,13760.1024,13793.36192,33.25951999999961,3,5.482531071494029,RankSurprise
microVIMPPN_L_3_CommonFiltered,3,52722.76992,53519.36,796.5900800000018,52722.76992,53519.36,796.5900800000018,10,10.35203608674421,RankSurprise
microVIMPPN_L_4_CommonFiltered,1,6241.56672,6242.95936,1.3926400000000285,6241.56672,6242.95936,1.3926400000000285,3,4.602722749011612,RankSurprise
microVIMPPN_L_4_CommonFiltered,1,11903.05792,11906.82624,3.76832000000104,11903.05792,11906.82624,3.76832000000104,4,4.873413456255657,RankSurprise
microVIMPPN_L_4_CommonFiltered,1,16861.96224,16868.51584,6.553599999999278,16861.96224,16868.51584,6.553599999999278,5,5.395879135297616,RankSurprise
microVIMPPN_L_4_CommonFiltered,1,61783.2448,61785.4976,2.2528000000020256,61783.2448,61785.4976,2.2528000000020256,3,3.7554248886244084,RankSurprise
microVIMPPN_L_5_CommonFiltered,1,2971.89376,3063.07072,91.17696000000024,2971.89376,3063.07072,91.17696000000024,8,14.616700354177098,RankSurprise
microVIMPPN_L_5_CommonFiltered,1,3490.89792,3510.39488,19.496959999999945,3490.89792,3510.39488,19.496959999999945,3,5.314450264955255,RankSurprise
microVIMPPN_L_5_CommonFiltered,1,23041.18784,23093.69856,52.51072000000204,23041.18784,23093.69856,52.51072000000204,3,3.6187338447471777,RankSurprise
microVIMPPN_L_5_CommonFiltered,1,45292.7488,45551.24736,258.49856,45292.7488,45551.24736,258.49856,5,4.509526874515775,RankSurprise
microVIMPPN_L_5_CommonFiltered,1,53457.83808,54251.47904,793.640959999997,53457.83808,54251.47904,793.640959999997,9,5.077213628085177,RankSurprise
microVIMPPN_L_5_CommonFiltered,1,58221.93664,59264.2048,1042.2681599999996,58221.93664,59264.2048,1042.2681599999996,10,5.245670214560083,RankSurprise
microVIMPPN_L_5_CommonFiltered,2,3009.65888,3216.91648,207.2575999999999,3009.65888,3216.91648,207.2575999999999,5,5.59001284731827,RankSurprise
microVIMPPN_L_5_CommonFiltered,2,52834.83648,53277.65504,442.8185599999997,52834.83648,53277.65504,442.8185599999997,6,4.6327320395894995,RankSurprise
microVIMPPN_L_5_CommonFiltered,2,56745.65632,56771.66592,26.00959999999759,56745.65632,56771.66592,26.00959999999759,4,7.828146904411666,RankSurprise
microVIMPPN_L_5_CommonFiltered,2,58928.98816,59127.31648,198.32832000000053,58928.98816,59127.31648,198.32832000000053,4,5.041261360708637,RankSurprise
microVIMPPN_L_5_CommonFiltered,2,69004.32896,69189.38624,185.05728000000818,69004.32896,69189.38624,185.05728000000818,4,4.195474759487709,RankSurprise
microVIMPPN_L_6_CommonFiltered,0,3191.48032,3584.57344,393.09312,3191.48032,3584.57344,393.09312,6,3.6168875125123643,RankSurprise
microVIMPPN_L_6_CommonFiltered,0,19476.39808,20532.224,1055.8259199999993,19476.39808,20532.224,1055.8259199999993,12,5.797018877788272,RankSurprise
microVIMPPN_L_6_CommonFiltered,0,24383.03744,24420.72064,37.68319999999949,24383.03744,24420.72064,37.68319999999949,3,4.241899409666719,RankSurprise
microVIMPPN_L_6_CommonFiltered,0,34697.66656,35100.0576,402.39104000000225,34697.66656,35100.0576,402.39104000000225,8,6.9081508516832,RankSurprise
microVIMPPN_L_6_CommonFiltered,0,53078.75328,53155.96288,77.20960000000196,53078.75328,53155.96288,77.20960000000196,7,11.00919371186643,RankSurprise
microVIMPPN_L_6_CommonFiltered,0,55734.84544,55773.06112,38.21568000000116,55734.84544,55773.06112,38.21568000000116,3,4.0441774815458205,RankSurprise
microVIMPPN_L_6_CommonFiltered,0,58566.73792,58815.52896,248.7910400000037,58566.73792,58815.52896,248.7910400000037,6,5.573083892398799,RankSurprise
microVIMPPN_L_6_CommonFiltered,0,64422.78912,64472.92416,50.13504000000103,64422.78912,64472.92416,50.13504000000103,3,3.5467299837260056,RankSurprise
microVIMPPN_L_6_CommonFiltered,4,9383.1168,10518.97856,1135.8617599999998,9383.1168,10518.97856,1135.8617599999998,7,4.286693634765603,RankSurprise
microVIMPPN_L_6_CommonFiltered,4,12747.9808,12853.98528,106.00448000000142,12747.9808,12853.98528,106.00448000000142,3,4.344557019032997,RankSurprise
microVIMPPN_L_6_CommonFiltered,4,20039.0656,20355.64544,316.5798399999985,20039.0656,20355.64544,316.5798399999985,4,4.212521960669411,RankSurprise
microVIMPPN_L_6_CommonFiltered,4,53218.75456,53319.8848,101.1302399999986,53218.75456,53319.8848,101.1302399999986,3,4.561143169801047,RankSurprise
microVIMPPN_L_7_CommonFiltered,1,3041.56672,3145.35936,103.79264000000012,3041.56672,3145.35936,103.79264000000012,4,5.088191396243694,RankSurprise
microVIMPPN_L_7_CommonFiltered,1,20617.17504,20670.38208,53.20704000000114,20617.17504,20670.38208,53.20704000000114,4,7.0970153707095776,RankSurprise
microVIMPPN_L_7_CommonFiltered,1,25289.03168,25292.43136,3.399679999998625,25289.03168,25292.43136,3.399679999998625,3,6.292164200569631,RankSurprise
microVIMPPN_L_7_CommonFiltered,1,52819.51744,53544.3456,724.8281599999973,52819.51744,53544.3456,724.8281599999973,8,4.47825621278688,RankSurprise
microVIMPPN_L_7_CommonFiltered,1,58668.4416,58854.23616,185.7945600000021,58668.4416,58854.23616,185.7945600000021,6,7.065691443673618,RankSurprise
microVIMPPN_L_7_CommonFiltered,1,72032.70656,72227.30752,194.60095999999612,72032.70656,72227.30752,194.60095999999612,4,3.6144574687518087,RankSurprise
microVIMPPN_L_7_CommonFiltered,2,52915.77344,54040.9856,1125.2121600000028,52915.77344,54040.9856,1125.2121600000028,15,10.576870855506092,RankSurprise
microVIMPPN_L_7_CommonFiltered,2,55813.12,58155.74528,2342.62528,55813.12,58155.74528,2342.62528,12,4.314595184037519,RankSurprise
microVIMPPN_L_7_CommonFiltered,2,72705.96608,73222.10304,516.1369600000035,72705.96608,73222.10304,516.1369600000035,5,3.88548461521653,RankSurprise
microVIMPPN_L_8_CommonFiltered,0,2362.04032,2378.38336,16.343039999999746,2362.04032,2378.38336,16.343039999999746,3,7.352825641682661,RankSurprise
microVIMPPN_L_8_CommonFiltered,0,2965.21728,3234.24256,269.0252800000003,2965.21728,3234.24256,269.0252800000003,4,3.555257881818223,RankSurprise
microVIMPPN_L_8_CommonFiltered,0,20510.1056,21647.68768,1137.5820800000001,20510.1056,21647.68768,1137.5820800000001,10,6.786401504325121,RankSurprise
microVIMPPN_L_8_CommonFiltered,0,22716.0064,22854.12352,138.11712000000261,22716.0064,22854.12352,138.11712000000261,4,4.60031736310423,RankSurprise
microVIMPPN_L_8_CommonFiltered,0,32051.03616,32265.29792,214.26176000000123,32051.03616,32265.29792,214.26176000000123,4,3.774889919574866,RankSurprise
microVIMPPN_L_8_CommonFiltered,0,57764.98688,57792.14336,27.156480000005104,57764.98688,57792.14336,27.156480000005104,3,5.871221100758445,RankSurprise
microVIMPPN_L_8_CommonFiltered,0,73317.7856,73343.22176,25.43615999999747,73317.7856,73343.22176,25.43615999999747,3,6.053542657552399,RankSurprise
microVIMPPN_L_8_CommonFiltered,4,3000.97536,3240.96,239.98464000000013,3000.97536,3240.96,239.98464000000013,7,9.456162790842114,RankSurprise
microVIMPPN_L_8_CommonFiltered,4,20185.9072,21948.17024,1762.263039999998,20185.9072,21948.17024,1762.263039999998,14,7.067250186420516,RankSurprise
microVIMPPN_L_8_CommonFiltered,4,25213.05088,25358.66368,145.6128000000026,25213.05088,25358.66368,145.6128000000026,4,4.82193005714093,RankSurprise
microVIMPPN_L_8_CommonFiltered,4,53540.6592,53777.77664,237.11743999999453,53540.6592,53777.77664,237.11743999999453,4,3.773636878662529,RankSurprise
microVIMPPN_L_8_CommonFiltered,4,56845.80352,57329.41824,483.61471999999776,56845.80352,57329.41824,483.61471999999776,6,4.888057844563765,RankSurprise
microVIMPPN_L_8_CommonFiltered,4,74363.53536,74591.232,227.6966400000092,74363.53536,74591.232,227.6966400000092,4,3.623589969939534,RankSurprise
microVIMPPN_L_9_CommonFiltered,0,2863.22688,3181.93664,318.70975999999973,2863.22688,3181.93664,318.70975999999973,5,3.8248631259633363,RankSurprise
microVIMPPN_L_9_CommonFiltered,0,20241.48992,21103.08352,861.5936000000002,20241.48992,21103.08352,861.5936000000002,14,11.820751767304166,RankSurprise
microVIMPPN_L_9_CommonFiltered,0,35456.90112,35760.49664,303.5955199999953,35456.90112,35760.49664,303.5955199999953,5,4.101642069152579,RankSurprise
microVIMPPN_L_9_CommonFiltered,0,44113.67424,44139.39712,25.72288000000117,44113.67424,44139.39712,25.72288000000117,4,8.314909998510958,RankSurprise
microVIMPPN_L_9_CommonFiltered,0,52887.63392,53282.28352,394.649599999997,52887.63392,53282.28352,394.649599999997,7,6.023086882904788,RankSurprise
microVIMPPN_L_9_CommonFiltered,0,58718.208,58760.06912,41.86112000000139,58718.208,58760.06912,41.86112000000139,3,4.315154861406503,RankSurprise
microVIMPPN_L_9_CommonFiltered,0,60046.49984,60552.43776,505.93792000000394,60046.49984,60552.43776,505.93792000000394,6,3.538916399905599,RankSurprise
microVIMPPN_L_9_CommonFiltered,0,67391.40608,67461.98016,70.57408000000578,67391.40608,67461.98016,70.57408000000578,3,3.8514736979002553,RankSurprise
microVIMPPN_L_9_CommonFiltered,0,71071.70304,72151.53152,1079.828480000011,71071.70304,72151.53152,1079.828480000011,9,3.8891673535352065,RankSurprise
microVIMPPN_L_9_CommonFiltered,4,545.30048,647.00416,101.70367999999996,545.30048,647.00416,101.70367999999996,4,4.413738957173308,RankSurprise
microVIMPPN_L_9_CommonFiltered,4,3054.05952,3239.89504,185.8355200000001,3054.05952,3239.89504,185.8355200000001,7,8.069644261123337,RankSurprise
microVIMPPN_L_9_CommonFiltered,4,20772.20864,21028.57728,256.3686400000006,20772.20864,21028.57728,256.3686400000006,7,6.347078609820452,RankSurprise
microVIMPPN_L_9_CommonFiltered,4,33743.74912,33802.11712,58.36800000000221,33743.74912,33802.11712,58.36800000000221,4,5.8401389437504285,RankSurprise
microVIMPPN_L_9_CommonFiltered,4,48344.02304,49170.80064,826.7776000000013,48344.02304,49170.80064,826.7776000000013,12,7.0091757611740535,RankSurprise
microVIMPPN_L_9_CommonFiltered,4,53078.09792,53117.05088,38.95296000000235,53078.09792,53117.05088,38.95296000000235,3,3.863822566326598,RankSurprise
microVIMPPN_L_9_CommonFiltered,4,58633.87136,58944.83968,310.96831999999995,58633.87136,58944.83968,310.96831999999995,7,5.5554540640781935,RankSurprise
microVIMPPN_L_9_CommonFiltered,4,67396.73088,67534.848,138.11711999999534,67396.73088,67534.848,138.11711999999534,4,3.6120947318682433,RankSurprise
microVIMPPN_L_9_CommonFiltered,4,71853.75232,72227.75808,374.00576,71853.75232,72227.75808,374.00576,7,4.9253134346723515,RankSurprise
microVIMPPN_L_9_CommonFiltered,4,73268.34688,73360.54784,92.20096000000194,73268.34688,73360.54784,92.20096000000194,4,4.6969848794595315,RankSurprise
microVIMPPN_L_10_CommonFiltered,0,3052.7488,3094.528,41.779199999999946,3052.7488,3094.528,41.779199999999946,7,8.12042057738077,RankSurprise
microVIMPPN_L_10_CommonFiltered,0,19633.52064,20574.08512,940.5644800000009,19633.52064,20574.08512,940.5644800000009,9,4.71596512282534,RankSurprise
microVIMPPN_L_10_CommonFiltered,0,53095.0144,53478.31808,383.30367999999726,53095.0144,53478.31808,383.30367999999726,19,13.57482269337322,RankSurprise
microVIMPPN_L_10_CommonFiltered,2,3059.0976,3295.27296,236.17535999999973,3059.0976,3295.27296,236.17535999999973,11,11.630533480295117,RankSurprise
microVIMPPN_L_10_CommonFiltered,2,14626.11968,14717.37856,91.25887999999941,14626.11968,14717.37856,91.25887999999941,4,3.6748168173338183,RankSurprise
microVIMPPN_L_10_CommonFiltered,2,16131.64544,16167.64928,36.0038399999994,16131.64544,16167.64928,36.0038399999994,3,3.7917368395536446,RankSurprise
microVIMPPN_L_10_CommonFiltered,2,20414.34112,20713.6768,299.33568000000014,20414.34112,20713.6768,299.33568000000014,13,12.84250493053329,RankSurprise
microVIMPPN_L_10_CommonFiltered,2,27069.39904,27438.12096,368.72191999999995,27069.39904,27438.12096,368.72191999999995,9,5.9691512487732785,RankSurprise
microVIMPPN_L_10_CommonFiltered,2,53022.47424,53475.04128,452.56703999999445,53022.47424,53475.04128,452.56703999999445,19,19.972307537584417,RankSurprise
microVIMPPN_L_10_CommonFiltered,3,20186.89024,20600.832,413.9417599999979,20186.89024,20600.832,413.9417599999979,7,4.486199606486752,RankSurprise
microVIMPPN_L_10_CommonFiltered,3,52997.24288,53455.21664,457.97376000000077,52997.24288,53455.21664,457.97376000000077,16,19.60400413663814,RankSurprise
microVIMPPN_L_10_CommonFiltered,4,3114.06592,3230.80192,116.73599999999988,3114.06592,3230.80192,116.73599999999988,8,12.687209438180044,RankSurprise
microVIMPPN_L_10_CommonFiltered,4,10403.34848,10424.56576,21.217279999998937,10403.34848,10424.56576,21.217279999998937,3,4.540515716099739,RankSurprise
microVIMPPN_L_10_CommonFiltered,4,19634.83136,21253.24288,1618.4115200000015,19634.83136,21253.24288,1618.4115200000015,23,15.768979855365192,RankSurprise
microVIMPPN_L_10_CommonFiltered,4,53243.24864,53329.46944,86.22080000000278,53243.24864,53329.46944,86.22080000000278,5,6.4190621687887734,RankSurprise
microCMCL_L_2_CommonFiltered,2,1847.0912,3238.66624,1391.57504,1847.0912,3238.66624,1391.57504,10,6.402641676262643,RankSurprise
microCMCL_L_2_CommonFiltered,2,25066.0864,25344.57344,278.48704,25066.0864,25344.57344,278.48704,4,4.182153680895928,RankSurprise
microCMCL_L_2_CommonFiltered,2,53039.80032,53202.45248,162.65215999999782,53039.80032,53202.45248,162.65215999999782,5,7.690538682606697,RankSurprise
microCMCL_L_2_CommonFiltered,2,64219.29984,64360.36608,141.0662400000001,64219.29984,64360.36608,141.0662400000001,4,5.625606455855769,RankSurprise
microCMCL_L_2_CommonFiltered,3,562.87232,807.28064,244.40832,562.87232,807.28064,244.40832,5,6.2751594760488185,RankSurprise
microCMCL_L_2_CommonFiltered,3,3126.31296,3262.79168,136.4787199999996,3126.31296,3262.79168,136.4787199999996,5,8.320435195438327,RankSurprise
microCMCL_L_2_CommonFiltered,3,53088.41984,53979.05408,890.6342399999994,53088.41984,53979.05408,890.6342399999994,6,3.8207243119519654,RankSurprise
microCMCL_L_3_CommonFiltered,0,10149.23264,10311.02464,161.79199999999946,10149.23264,10311.02464,161.79199999999946,4,3.68471957659799,RankSurprise
microCMCL_L_3_CommonFiltered,0,25311.15008,25354.32192,43.171839999999065,25311.15008,25354.32192,43.171839999999065,3,4.5514590266763575,RankSurprise
microCMCL_L_3_CommonFiltered,0,28172.288,29040.4352,868.1471999999994,28172.288,29040.4352,868.1471999999994,9,3.651468625219858,RankSurprise
microCMCL_L_3_CommonFiltered,0,29996.52352,30057.51296,60.989440000001196,29996.52352,30057.51296,60.989440000001196,3,3.74911255415142,RankSurprise
microCMCL_L_3_CommonFiltered,0,41968.92672,42230.04672,261.11999999999534,41968.92672,42230.04672,261.11999999999534,5,3.8593775269009747,RankSurprise
microCMCL_L_3_CommonFiltered,0,51304.40704,52324.22912,1019.8220800000054,51304.40704,52324.22912,1019.8220800000054,11,4.62630222394702,RankSurprise
microCMCL_L_3_CommonFiltered,0,54975.32416,55787.52,812.1958400000003,54975.32416,55787.52,812.1958400000003,9,4.176875143131396,RankSurprise
microCMCL_L_3_CommonFiltered,0,58618.0608,58651.07456,33.01376000000164,58618.0608,58651.07456,33.01376000000164,3,5.017422246385088,RankSurprise
microCMCL_L_3_CommonFiltered,4,19940.5568,20116.35712,175.8003200000021,19940.5568,20116.35712,175.8003200000021,4,3.896806133935101,RankSurprise
microCMCL_L_3_CommonFiltered,4,31532.89216,31710.33088,177.43872000000192,31532.89216,31710.33088,177.43872000000192,4,3.9747364888348002,RankSurprise
microCMCL_L_3_CommonFiltered,4,41925.67296,42444.3904,518.7174399999931,41925.67296,42444.3904,518.7174399999931,6,3.6398734883765216,RankSurprise
microCMCL_L_3_CommonFiltered,4,45306.88,45384.9088,78.02880000000005,45306.88,45384.9088,78.02880000000005,3,3.699275158477617,RankSurprise
microCMCL_L_3_CommonFiltered,4,48218.07104,48278.40512,60.33408000000054,48218.07104,48278.40512,60.33408000000054,3,4.597942704528524,RankSurprise
microCMCL_L_3_CommonFiltered,4,53392.9984,53460.1728,67.17440000000352,53392.9984,53460.1728,67.17440000000352,3,4.426373939510832,RankSurprise
microCMCL_L_3_CommonFiltered,4,59023.52384,59785.216,761.6921599999987,59023.52384,59785.216,761.6921599999987,8,4.512192386674114,RankSurprise
microCMCL_L_3_CommonFiltered,4,71835.27936,72491.70432,656.4249600000039,71835.27936,72491.70432,656.4249600000039,7,3.6406399825884703,RankSurprise
microCMCL_L_4_CommonFiltered,1,5061.91872,5239.84896,177.9302400000006,5061.91872,5239.84896,177.9302400000006,5,5.071818637623188,RankSurprise
microCMCL_L_4_CommonFiltered,1,23945.50272,25235.08736,1289.584640000001,23945.50272,25235.08736,1289.584640000001,12,3.8638451088032886,RankSurprise
microCMCL_L_4_CommonFiltered,1,42922.68032,43272.43776,349.7574400000012,42922.68032,43272.43776,349.7574400000012,6,4.362466261555577,RankSurprise
microCMCL_L_4_CommonFiltered,1,46249.86112,46490.4192,240.55807999999524,46249.86112,46490.4192,240.55807999999524,5,3.9347799381351223,RankSurprise
microCMCL_L_4_CommonFiltered,1,51541.56544,51945.96352,404.398079999999,51541.56544,51945.96352,404.398079999999,7,4.887909312596933,RankSurprise
microCMCL_L_4_CommonFiltered,1,53303.54176,53447.02464,143.4828800000032,53303.54176,53447.02464,143.4828800000032,4,3.820483422473428,RankSurprise
microCMCL_L_4_CommonFiltered,1,55604.46976,55830.56896,226.09919999999693,55604.46976,55830.56896,226.09919999999693,6,6.130224181203239,RankSurprise
microCMCL_L_4_CommonFiltered,1,62417.1008,62553.7024,136.60160000000178,62417.1008,62553.7024,136.60160000000178,4,4.072387799557877,RankSurprise
microCMCL_L_4_CommonFiltered,1,63728.14848,63773.94176,45.79327999999805,63728.14848,63773.94176,45.79327999999805,3,4.55462266461715,RankSurprise
microCMCL_L_4_CommonFiltered,1,68110.09024,68147.6096,37.51935999999114,68110.09024,68147.6096,37.51935999999114,3,4.701051298350498,RankSurprise
microCMCL_L_4_CommonFiltered,1,71049.70752,71206.17472,156.46719999999914,71049.70752,71206.17472,156.46719999999914,4,3.964845718039923,RankSurprise
microCMCL_L_4_CommonFiltered,3,1337.7536,1515.7248,177.97119999999995,1337.7536,1515.7248,177.97119999999995,4,3.6760722329127944,RankSurprise
microCMCL_L_4_CommonFiltered,3,2317.06624,2364.66176,47.59551999999985,2317.06624,2364.66176,47.59551999999985,3,4.002384641643481,RankSurprise
microCMCL_L_4_CommonFiltered,3,4653.30176,4715.56096,62.25919999999951,4653.30176,4715.56096,62.25919999999951,3,3.6784125677864985,RankSurprise
microCMCL_L_4_CommonFiltered,3,18947.072,18981.64224,34.57024000000092,18947.072,18981.64224,34.57024000000092,3,4.614820441820253,RankSurprise
microCMCL_L_4_CommonFiltered,3,32820.34688,32892.60032,72.25344000000041,32820.34688,32892.60032,72.25344000000041,3,3.6784125677864985,RankSurprise
microCMCL_L_4_CommonFiltered,3,39309.88544,39483.63776,173.7523199999996,39309.88544,39483.63776,173.7523199999996,4,3.606027312224075,RankSurprise
microCMCL_L_4_CommonFiltered,3,41183.96928,41998.41792,814.4486400000023,41183.96928,41998.41792,814.4486400000023,8,3.646983095020284,RankSurprise
microCMCL_L_4_CommonFiltered,3,44356.85376,44409.73312,52.879359999999,44356.85376,44409.73312,52.879359999999,3,3.7938398897504237,RankSurprise
microCMCL_L_4_CommonFiltered,3,45302.45632,45346.36544,43.909120000003895,45302.45632,45346.36544,43.909120000003895,3,4.186446842915219,RankSurprise
microCMCL_L_4_CommonFiltered,3,50536.52992,51349.87264,813.3427200000006,50536.52992,51349.87264,813.3427200000006,9,4.392121518255242,RankSurprise
microCMCL_L_4_CommonFiltered,3,53854.53568,53921.30048,66.7647999999972,53854.53568,53921.30048,66.7647999999972,3,3.874667218884378,RankSurprise
microCMCL_L_5_CommonFiltered,4,2069.79072,2343.48544,273.69471999999996,2069.79072,2343.48544,273.69471999999996,5,4.157971533265062,RankSurprise
microCMCL_L_5_CommonFiltered,4,3115.58144,3618.4064,502.8249599999999,3115.58144,3618.4064,502.8249599999999,8,5.393543180142757,RankSurprise
microCMCL_L_5_CommonFiltered,4,19876.0448,20371.29216,495.2473600000012,19876.0448,20371.29216,495.2473600000012,6,3.819745636456855,RankSurprise
microCMCL_L_5_CommonFiltered,4,29087.744,29101.75232,14.008320000000822,29087.744,29101.75232,14.008320000000822,3,4.706443412680663,RankSurprise
microCMCL_L_5_CommonFiltered,4,40587.6736,40594.92352,7.249919999994745,40587.6736,40594.92352,7.249919999994745,3,4.60635995412368,RankSurprise
microCMCL_L_5_CommonFiltered,4,53082.39872,53257.87136,175.47263999999996,53082.39872,53257.87136,175.47263999999996,8,8.288472818536517,RankSurprise
microCMCL_L_5_CommonFiltered,4,73152.9216,73291.44832,138.52671999999438,73152.9216,73291.44832,138.52671999999438,4,3.65199859547948,RankSurprise
microCMCL_L_5_CommonFiltered,4,74460.44672,74493.66528,33.218559999993886,74460.44672,74493.66528,33.218559999993886,3,3.6237465793184516,RankSurprise
microCMCL_L_6_CommonFiltered,3,10649.8048,10807.86944,158.0646400000005,10649.8048,10807.86944,158.0646400000005,4,4.150261601951716,RankSurprise
microCMCL_L_6_CommonFiltered,3,20216.91392,20361.29792,144.38400000000183,20216.91392,20361.29792,144.38400000000183,5,5.09228735947519,RankSurprise
microCMCL_L_6_CommonFiltered,3,33316.00384,33465.01632,149.01248000000487,33316.00384,33465.01632,149.01248000000487,5,5.218886545215373,RankSurprise
microCMCL_L_6_CommonFiltered,3,35889.3568,36133.4784,244.12159999999858,35889.3568,36133.4784,244.12159999999858,5,4.0648987834250185,RankSurprise
microCMCL_L_6_CommonFiltered,3,43983.95392,44431.27808,447.3241599999965,43983.95392,44431.27808,447.3241599999965,8,5.627842962749395,RankSurprise
microCMCL_L_6_CommonFiltered,3,51894.72256,52042.1376,147.41503999999986,51894.72256,52042.1376,147.41503999999986,4,3.658873613429467,RankSurprise
microCMCL_L_6_CommonFiltered,3,58465.23904,58537.08288,71.84384000000136,58465.23904,58537.08288,71.84384000000136,4,5.470216778650341,RankSurprise
microCMCL_L_6_CommonFiltered,3,67098.13248,67137.16736,39.034880000006524,67098.13248,67137.16736,39.034880000006524,3,4.08545469134107,RankSurprise
microCMCL_L_6_CommonFiltered,4,8247.66464,8331.71456,84.04991999999947,8247.66464,8331.71456,84.04991999999947,3,3.5279063117008036,RankSurprise
microCMCL_L_6_CommonFiltered,4,14530.84672,14594.6624,63.8156799999997,14530.84672,14594.6624,63.8156799999997,3,3.756747884129653,RankSurprise
microCMCL_L_6_CommonFiltered,4,15737.77408,16019.37408,281.60000000000036,15737.77408,16019.37408,281.60000000000036,6,5.514894150617678,RankSurprise
microCMCL_L_6_CommonFiltered,4,30645.37088,30755.34848,109.97760000000198,30645.37088,30755.34848,109.97760000000198,4,4.800616816760545,RankSurprise
microCMCL_L_6_CommonFiltered,4,47497.0112,48103.30112,606.2899199999956,47497.0112,48103.30112,606.2899199999956,6,3.7654754508482524,RankSurprise
microCMCL_L_6_CommonFiltered,4,54698.68032,54755.00032,56.31999999999971,54698.68032,54755.00032,56.31999999999971,3,3.7975698786499077,RankSurprise
microCMCL_L_6_CommonFiltered,4,56067.60448,56569.20064,501.59616000000096,56067.60448,56569.20064,501.59616000000096,7,4.851456624341649,RankSurprise
microCMCL_L_6_CommonFiltered,4,59905.67936,59940.82304,35.14368000000104,59905.67936,59940.82304,35.14368000000104,4,7.260902469064053,RankSurprise
microCMCL_L_6_CommonFiltered,4,64227.9424,64247.72608,19.78368000000046,64227.9424,64247.72608,19.78368000000046,3,5.425026296586687,RankSurprise
microCMCL_L_6_CommonFiltered,4,64867.69664,65011.87584,144.17919999999867,64867.69664,65011.87584,144.17919999999867,4,4.3076679650975205,RankSurprise
microCMCL_L_6_CommonFiltered,4,68492.16512,68671.36512,179.1999999999971,68492.16512,68671.36512,179.1999999999971,4,3.6321458216110187,RankSurprise
microCMCL_L_6_CommonFiltered,4,69539.4304,69698.9696,159.53919999999925,69539.4304,69698.9696,159.53919999999925,5,5.680664333257454,RankSurprise
microCMCL_L_8_CommonFiltered,3,279.01952,311.5008,32.48128000000003,279.01952,311.5008,32.48128000000003,3,5.229405660598243,RankSurprise
microCMCL_L_8_CommonFiltered,3,52944.6912,53345.77152,401.08032000000094,52944.6912,53345.77152,401.08032000000094,6,7.165660801088709,RankSurprise
microCMCL_L_8_CommonFiltered,3,54425.72288,54785.96608,360.24319999999716,54425.72288,54785.96608,360.24319999999716,4,3.95374092781619,RankSurprise
microCMCL_L_8_CommonFiltered,4,28582.5024,28961.21856,378.71615999999995,28582.5024,28961.21856,378.71615999999995,5,5.910254680062568,RankSurprise
microCMCL_L_8_CommonFiltered,4,52201.84064,52323.57376,121.73311999999714,52201.84064,52323.57376,121.73311999999714,3,3.987032826433013,RankSurprise
microCMCL_L_8_CommonFiltered,4,65977.71264,66078.18752,100.47488000000885,65977.71264,66078.18752,100.47488000000885,3,4.474736032778149,RankSurprise
microCMCL_L_9_CommonFiltered,1,533.54496,603.79136,70.24640000000011,533.54496,603.79136,70.24640000000011,4,6.102232422820972,RankSurprise
microCMCL_L_9_CommonFiltered,1,4900.0448,4926.09536,26.050560000000587,4900.0448,4926.09536,26.050560000000587,4,7.887033476356308,RankSurprise
microCMCL_L_9_CommonFiltered,1,18689.31072,18726.46144,37.15071999999782,18689.31072,18726.46144,37.15071999999782,3,4.6646155450637075,RankSurprise
microCMCL_L_9_CommonFiltered,1,20314.48064,21094.8096,780.3289599999989,20314.48064,21094.8096,780.3289599999989,10,6.261992191695241,RankSurprise
microCMCL_L_9_CommonFiltered,1,33578.02496,33620.41856,42.393599999995786,33578.02496,33620.41856,42.393599999995786,3,4.386335825290318,RankSurprise
microCMCL_L_9_CommonFiltered,1,43371.97056,43410.47296,38.50239999999758,43371.97056,43410.47296,38.50239999999758,3,4.725240166880143,RankSurprise
microCMCL_L_9_CommonFiltered,1,45270.2208,45307.00288,36.78207999999722,45270.2208,45307.00288,36.78207999999722,3,4.493046780046015,RankSurprise
microCMCL_L_9_CommonFiltered,1,70977.08544,72947.58912,1970.503680000009,70977.08544,72947.58912,1970.503680000009,17,5.622381758718681,RankSurprise
microCMCL_L_9_CommonFiltered,2,14053.94944,14142.2592,88.3097600000001,14053.94944,14142.2592,88.3097600000001,4,6.227777796560568,RankSurprise
microCMCL_L_9_CommonFiltered,2,28736.83968,29118.58688,381.747199999998,28736.83968,29118.58688,381.747199999998,6,5.2203536296381365,RankSurprise
microCMCL_L_9_CommonFiltered,2,41146.90048,41419.12064,272.2201600000044,41146.90048,41419.12064,272.2201600000044,5,4.964013882954475,RankSurprise
microCMCL_L_9_CommonFiltered,2,51711.91808,53236.77696,1524.8588799999998,51711.91808,53236.77696,1524.8588799999998,11,4.782737407315493,RankSurprise
microCMCL_L_9_CommonFiltered,2,64598.8352,65584.45568,985.6204799999978,64598.8352,65584.45568,985.6204799999978,9,4.674205532164859,RankSurprise
microCMCL_L_9_CommonFiltered,2,71540.85888,71589.0688,48.20991999999387,71540.85888,71589.0688,48.20991999999387,4,8.308770928931823,RankSurprise
microCMCL_L_10_CommonFiltered,1,2600.87808,3161.33376,560.45568,2600.87808,3161.33376,560.45568,4,3.936192328068593,RankSurprise
microCMCL_L_10_CommonFiltered,1,27437.17888,28124.61056,687.4316800000015,27437.17888,28124.61056,687.4316800000015,5,5.215053805079371,RankSurprise
microCMCL_L_10_CommonFiltered,1,38317.71136,39184.22016,866.508799999996,38317.71136,39184.22016,866.508799999996,6,6.052607010185824,RankSurprise
microCMCL_L_10_CommonFiltered,2,4688.2816,4722.0736,33.79199999999946,4688.2816,4722.0736,33.79199999999946,3,7.763021309018518,RankSurprise
microCMCL_L_10_CommonFiltered,2,55412.28544,55922.31936,510.0339200000017,55412.28544,55922.31936,510.0339200000017,4,3.871768065076756,RankSurprise
microCMCL_L_10_CommonFiltered,2,59089.96096,60703.00672,1613.0457600000009,59089.96096,60703.00672,1613.0457600000009,7,4.468972913776324,RankSurprise
microCMCL_L_10_CommonFiltered,4,18349.8752,18692.3008,342.4256000000023,18349.8752,18692.3008,342.4256000000023,5,3.5673427213905136,RankSurprise
microCMCL_L_10_CommonFiltered,4,23010.14016,23434.36288,424.2227200000016,23010.14016,23434.36288,424.2227200000016,7,3.677738208475886,RankSurprise
microCMCL_L_10_CommonFiltered,4,30234.86976,30274.7648,39.895039999999426,30234.86976,30274.7648,39.895039999999426,3,3.894004499925467,RankSurprise
microCMCL_L_10_CommonFiltered,4,35235.0208,35284.54144,49.52064000000246,35235.0208,35284.54144,49.52064000000246,3,3.6246715661418847,RankSurprise
microCMCL_L_10_CommonFiltered,4,37059.42016,37177.87648,118.4563199999975,37059.42016,37177.87648,118.4563199999975,4,3.9041621722251634,RankSurprise
microCMCL_L_10_CommonFiltered,4,37998.22336,38136.95488,138.7315199999939,37998.22336,38136.95488,138.7315199999939,5,5.209344718516153,RankSurprise
microCMCL_L_10_CommonFiltered,4,40859.648,40909.78304,50.13504000000103,40859.648,40909.78304,50.13504000000103,4,6.212920567431475,RankSurprise
microCMCL_L_10_CommonFiltered,4,41466.75712,41513.00096,46.243839999995544,41466.75712,41513.00096,46.243839999995544,3,3.7548073697652686,RankSurprise
microCMCL_L_10_CommonFiltered,4,52921.58976,52998.84032,77.2505600000004,52921.58976,52998.84032,77.2505600000004,4,4.918046113585978,RankSurprise
microCMCL_L_10_CommonFiltered,4,54425.47712,54464.14336,38.66623999999865,54425.47712,54464.14336,38.66623999999865,3,4.122846072354316,RankSurprise
microCMCL_L_10_CommonFiltered,4,58311.22944,58409.32864,98.09919999999693,58311.22944,58409.32864,98.09919999999693,4,4.279666980737453,RankSurprise
microCMCL_L_10_CommonFiltered,4,59443.2,59444.55168,1.3516799999997602,59443.2,59444.55168,1.3516799999997602,3,9.441782726105089,RankSurprise
microCMCL_L_10_CommonFiltered,4,61979.2384,62023.8848,44.64639999999781,61979.2384,62023.8848,44.64639999999781,3,3.6246715661418847,RankSurprise
microCMCL_L_10_CommonFiltered,4,63619.93216,63739.78112,119.84896000000299,63619.93216,63739.78112,119.84896000000299,5,5.836064220165593,RankSurprise
microCMCL_L_10_CommonFiltered,4,69990.15424,70172.75392,182.59967999999935,69990.15424,70172.75392,182.59967999999935,5,4.8845149827253564,RankSurprise
microCMCL_L_10_CommonFiltered,4,74390.60992,74427.67872,37.068799999993644,74390.60992,74427.67872,37.068799999993644,3,4.163668066874571,RankSurprise
