Region,onset_start_ms,onset_end_ms,onset_duration_ms,span_start_ms,span_end_ms,span_duration_ms,Num_Events,RS,Method
GPi,457.07264,481.73056,24.657920000000047,475.8528,509.82912,33.97631999999999,4,4.997556301855145,RS_region_onsets
GPi,763.904,768.16384,4.259840000000054,768.12288,948.67456,180.55168000000003,3,5.419173751582431,RS_region_onsets
GPi,2680.832,3180.3392,499.5072,2856.38656,3264.06144,407.67488000000003,15,5.480116924333137,RS_region_onsets
GPi,3594.52672,4759.552,1165.0252799999998,4157.7472,4483.74784,326.0006400000002,28,5.289427523225822,RS_region_onsets
GPi,15764.02944,16261.69344,497.66399999999885,15954.3296,16203.73504,249.40544000000045,13,3.982635522689283,RS_region_onsets
GPi,20373.99552,20377.10848,3.1129599999985658,20373.99552,20497.89952,123.90399999999863,3,6.219448254694965,RS_region_onsets
GPi,20927.16032,21635.31776,708.1574400000027,21275.83232,21643.202559999998,367.37023999999656,20,6.017914989500683,RS_region_onsets
GPi,39132.89728,39145.18528,12.288000000000466,39135.92832,39392.78848,256.8601600000038,3,3.9980678144078166,RS_region_onsets
GPi,42065.22368,42113.72032,48.49663999999757,42089.8816,42386.39104,296.50944000000163,5,5.0431499049463255,RS_region_onsets
GPi,42940.49792,43149.96736,209.46944000000076,43052.032,43195.63776,143.60575999999855,9,4.802452369938415,RS_region_onsets
GPi,47462.35904,47604.81792,142.45887999999832,47523.55328,47709.67552,186.12223999999696,7,4.40133542712645,RS_region_onsets
GPi,48612.18816,49014.74304,402.5548800000033,48832.18432,48993.19808,161.01376000000164,14,6.311926069620529,RS_region_onsets
GPi,50630.36928,51126.59968,496.2304000000004,50866.62656,50991.22688,124.60032000000501,15,5.455773469313387,RS_region_onsets
GPi,55404.70784,55406.91968,2.2118399999963003,55404.70784,55669.63712,264.92927999999665,3,6.390574925403547,RS_region_onsets
GPi,57379.59424,57442.87744,63.28319999999803,57430.75328,57582.51008,151.75680000000284,8,9.625376410081103,RS_region_onsets
GPi,67420.69248,67450.88,30.18752000000677,67429.31456,67656.37632000001,227.06176000001142,4,4.625021656437962,RS_region_onsets
GPi,70233.16992,70484.3776,251.2076800000068,70411.10016,70509.568,98.46783999999752,9,4.507900694220641,RS_region_onsets
GPi,79386.4192,79462.85056,76.43136000000231,79431.8848,79498.97728,67.09248000000662,7,6.806854883148453,RS_region_onsets
GPi,84874.8544,85273.35424,398.49984000000404,85089.0752,85190.57408,101.49887999999919,13,5.02001682790923,RS_region_onsets
GPi,88909.74208,89223.9872,314.24512000000686,89098.42431999999,89263.88224,165.4579200000153,10,4.111344679813447,RS_region_onsets
GPi,94039.90016,94562.54976,522.6495999999897,94371.55328,94511.49312,139.93984000000637,26,16.011868604644533,RS_region_onsets
GPi,96069.05856,96173.30176,104.24319999999716,96138.40384,96196.85376,58.44991999999911,9,8.53623020446014,RS_region_onsets
GPi,97622.09792,97657.4464,35.34848000000056,97643.08992,97841.02911999999,197.93919999999343,4,4.058901542962111,RS_region_onsets
GPi,97975.05024,98014.57664,39.52640000000247,97997.5168,98024.09984,26.58303999999771,4,4.1407925045950975,RS_region_onsets
GPi,98332.672,98339.79904,7.127039999992121,98338.97984,98661.25312,322.273279999994,3,4.737522998384039,RS_region_onsets
GPi,99086.62272,99100.50816,13.885439999998198,99086.62272,99282.24768,195.624960000001,3,4.043593326728606,RS_region_onsets
GPi,109330.67776,109353.49248,22.81471999999485,109348.92543999999,109419.25375999999,70.32832000000053,4,5.248792959424321,RS_region_onsets
GPi,126786.19136,126870.89664,84.70528000000922,126801.05984,126924.47232,123.41247999999905,5,4.040132653017242,RS_region_onsets
GPi,127652.00384,128154.624,502.6201599999913,127906.16064,128178.4832,272.3225600000005,14,4.4341824507691445,RS_region_onsets
GPi,133174.76352,133242.96192,68.19839999999385,133196.67712,133256.8064,60.12927999999374,5,4.037281110828925,RS_region_onsets
GPi,137505.05472,137512.22272,7.168000000005122,137505.05472,137590.3744,85.31968000001507,3,5.011734014938238,RS_region_onsets
GPi,140135.13728,140200.3456,65.20832000000519,140190.9248,140237.4144,46.48960000000079,5,4.974104339062787,RS_region_onsets
GPi,147675.62752,147706.92096,31.293439999979455,147693.568,147755.58144,62.01344000000972,5,6.382446849375587,RS_region_onsets
GPi,156642.5088,156710.37952,67.87071999997715,156680.76544,156890.27584,209.5103999999992,5,4.351458507116686,RS_region_onsets
GPi,157244.6208,157250.7648,6.144000000000233,157250.7648,157689.56928,438.8044799999916,3,5.260732828254637,RS_region_onsets
GPi,161176.41216,161176.73984,0.3276799999875948,161176.69888,161213.68576,36.98687999998219,3,6.784214268606705,RS_region_onsets
GPi,162581.0944,162590.96576,9.87135999999009,162582.26176,162690.99008,108.72831999999471,4,6.815128661272226,RS_region_onsets
GPi,163932.61056,164039.68,107.06943999999203,163997.73696,164074.33216,76.59519999998156,9,8.509645757475194,RS_region_onsets
GPi,168764.6208,168815.45216,50.83135999998194,168808.0384,169042.98496,234.94656000001123,5,4.968703796821124,RS_region_onsets
GPi,171262.52544,171268.9152,6.389759999990929,171264.28672,171807.58016,543.2934400000086,3,4.895619015670041,RS_region_onsets
GPi,172943.40096,173078.3232,134.92224000001443,173044.65408,173572.79232,528.1382400000002,7,4.956195147180109,RS_region_onsets
GPi,179617.09568,179624.18176,7.086080000008224,179623.15776,179778.31424,155.1564800000051,3,4.728855585695856,RS_region_onsets
GPi,186497.31072,186518.24128,20.93055999997887,186506.28096,186713.02656,206.74559999999474,4,5.284491341094228,RS_region_onsets
GPi,187955.15904,187969.08544,13.926399999996647,187969.08544,188028.76416,59.67871999999625,3,4.040525839660743,RS_region_onsets
GPi,191500.6976,191562.62912,61.93151999998372,191537.5616,191562.17856,24.616960000013933,5,4.4624465004192295,RS_region_onsets
GPi,197981.83936,198042.4192,60.579839999991236,197999.4112,198059.70432,60.29311999998754,5,4.507077376761014,RS_region_onsets
GPi,198971.02336,199025.21344,54.19008000000031,198980.28032,199462.17472,481.89440000001923,5,4.778986525868394,RS_region_onsets
GPi,202671.59552,202829.57824,157.98271999999997,202760.68352000002,202845.63456,84.95103999998537,8,4.7721609302957555,RS_region_onsets
GPi,205154.46784,205171.38432,16.916480000014417,205168.9472,205565.48096000002,396.53376000002027,4,5.772373464982749,RS_region_onsets
GPi,207343.57504,207707.9552,364.3801600000006,207553.69984,207654.46144,100.7616000000271,13,5.988213103627627,RS_region_onsets
GPi,210481.9712,210507.12064,25.149440000008326,210490.94144000002,210658.304,167.36255999997957,4,4.879411367380616,RS_region_onsets
GPi,210955.63264,211048.77568,93.14303999999538,210997.43232000002,211027.78368,30.351359999971464,6,4.609608015390849,RS_region_onsets
GPi,215101.27616,215109.87776,8.601599999994505,215103.97952,215125.52448,21.544959999999264,3,4.519648420237894,RS_region_onsets
GPi,216987.40224,216994.16064,6.758399999991525,216994.11968,217036.63616,42.516479999991134,3,5.001796090955995,RS_region_onsets
GPi,219221.07392,219246.592,25.518080000008922,219240.36608,219345.34656,104.98047999999835,5,6.97797203122164,RS_region_onsets
GPi,221310.48448,221330.10432,19.619839999999385,221322.42432,221431.02976,108.60544000001391,4,5.440407483401728,RS_region_onsets
GPi,223902.9248,224018.26816,115.34335999999894,223979.64288,224109.11744,129.47456000000238,7,5.071418943913241,RS_region_onsets
GPi,225579.90912,225612.55424,32.64512000000104,225608.0896,225639.89504,31.80543999999645,6,8.541643022967648,RS_region_onsets
GPi,229178.53184,229949.60384,771.0719999999856,229558.00576,229899.776,341.77024000001256,22,6.6753556241934024,RS_region_onsets
GPi,232521.85088,233028.608,506.75711999999476,232771.46112,233006.05952,234.59840000001714,14,4.52414164511051,RS_region_onsets
GPi,234351.45216,234353.0496,1.5974400000122841,234351.98464,234378.32192,26.33727999997791,3,5.9393289546248855,RS_region_onsets
GPi,236136.8576,236138.33216,1.4745600000023842,236138.33216,236171.18208,32.84992000000784,3,6.896045718265983,RS_region_onsets
GPi,237445.9392,237447.33184,1.3926400000054855,237447.24992,237553.09056,105.84064000000944,3,6.0201483613665925,RS_region_onsets
GPi,238354.67776,238357.34016,2.662400000001071,238354.8416,238597.16096,242.31935999999405,3,5.679704834968261,RS_region_onsets
GPi,239356.43648,239407.80032,51.36384000000544,239394.11968,239404.76928,10.649600000004284,5,5.072582098862288,RS_region_onsets
GPi,242177.2288,242244.48512,67.25631999998586,242227.24096,242278.23616,50.99520000000484,5,4.29481767280209,RS_region_onsets
GPi,244008.63232,244122.46016,113.82783999998355,244032.69632,244366.35648,333.66015999999945,8,7.117405016409207,RS_region_onsets
GPi,244676.36224,244729.69216,53.32992000001832,244702.57664,244992.28672,289.71007999998983,5,4.710943194207747,RS_region_onsets
GPi,249248.64512,249280.96256,32.31744000001345,249267.95776000002,249307.70944,39.75167999998666,4,4.638355016596591,RS_region_onsets
GPi,251970.60096,252125.26592,154.6649599999946,252063.00672,252302.76608,239.75935999999638,12,11.080641958670244,RS_region_onsets
GPi,256887.35744,257104.24064,216.88320000001113,256966.16448,257035.01824,68.85375999999815,9,5.036333513964209,RS_region_onsets
GPi,259170.87744,259184.51712,13.63967999999295,259170.9184,259181.568,10.649600000004284,3,3.9890857583505888,RS_region_onsets
GPi,259943.30112,259952.2304,8.929280000011204,259943.34208,260476.928,533.5859200000123,3,4.458282092459362,RS_region_onsets
GPi,262313.24672,262471.31136,158.06463999999687,262398.03392,262513.17248,115.13855999999214,9,6.7920141717356115,RS_region_onsets
GPi,263076.6592,263307.6736,231.01439999998547,263236.85376,263334.05184,97.19807999994373,9,4.263142485258171,RS_region_onsets
GPi,264411.79136,264423.71072,11.91935999999987,264411.83232,264626.3808,214.54847999999765,3,4.115476107695189,RS_region_onsets
GPi,265067.68384,265075.26144,7.577599999960512,265073.95072,265186.42688,112.47615999996196,3,4.6650203074840295,RS_region_onsets
GPi,266336.21504,266437.26336,101.0483200000017,266388.74624,266438.59456,49.84831999999005,6,5.027420491982653,RS_region_onsets
GPi,274417.0496,274426.0608,9.011199999949895,274420.57216,274491.14624,70.57407999999123,3,4.462062815299268,RS_region_onsets
GPi,287443.47648,287796.75648,353.27999999996973,287640.94464,287737.77408,96.82944000000134,11,4.0574984030569645,RS_region_onsets
GPi,289813.0944,289927.7824,114.68800000002375,289882.64448,290133.48352,250.83903999999166,6,4.000872672978319,RS_region_onsets
GPi,290357.248,290387.59936,30.351359999971464,290363.10528,290460.2624,97.15711999998894,5,6.660889403829678,RS_region_onsets
GPi,291007.77472,291077.69344,69.91872000001604,291038.74048,291172.22912,133.48863999999594,5,4.083151536657926,RS_region_onsets
GPi,293856.33792,293867.80672,11.468799999973271,293858.38592,294407.49568,549.1097600000212,3,4.083904793141505,RS_region_onsets
GPi,294705.23392,294835.52768,130.29375999997137,294793.58464,294864.36352,70.77887999999803,12,12.162752661725913,RS_region_onsets
GPi,299931.60704,300048.30208,116.69504000002053,300012.25728,300083.85536,71.59807999996701,7,5.669688958711952,RS_region_onsets
GPi,300833.34144,300845.38368,12.042240000038873,300841.39008000004,300871.22944,29.83935999998357,4,6.488482454128878,RS_region_onsets
GPi,303103.5904,303106.49856,2.908159999991767,303106.49856,303134.67904,28.180480000039097,3,6.165512129387123,RS_region_onsets
GPi,305912.6272,305922.17088,9.543680000002496,305922.12992,306028.70784,106.57792000001064,3,4.3338136512260785,RS_region_onsets
GPi,306544.80384,306548.44928,3.645439999992959,306545.78688,306594.36544,48.57855999999447,3,5.462385411940041,RS_region_onsets
GPi,309327.21664,309337.41568,10.199039999977686,309329.22368,309426.91328,97.68959999998333,3,4.295148093746912,RS_region_onsets
GPi,310232.22784,310234.15296,1.925119999970775,310233.19039999996,310370.57024000003,137.3798400000669,4,10.795418624158117,RS_region_onsets
GPi,310395.20768,310458.61376,63.406079999986105,310410.0352,310478.6432,68.60800000000745,5,4.627485109937357,RS_region_onsets
GPi,312535.4496,312571.53536,36.085759999987204,312540.20096,312571.0848,30.883840000024065,5,6.151038934794681,RS_region_onsets
GPi,314255.31904,314304.63488,49.31584000005387,314271.08864,314462.26944,191.180800000031,6,6.8458137824717795,RS_region_onsets
GPi,321847.62368,321852.74368,5.119999999995343,321851.55584,322304.32768,452.77184000000125,3,5.098261643988318,RS_region_onsets
GPi,322283.64288,322293.88288,10.239999999990687,322287.2064,322312.23296,25.026559999969322,3,4.298632417829522,RS_region_onsets
GPi,325909.62688,326067.24096,157.61408000002848,326032.09728,326206.01344,173.9161600000225,7,4.204717838851758,RS_region_onsets
GPi,328818.44224,328831.7952,13.352959999989253,328823.35744,328882.87232,59.51488000003155,3,3.9157637247922317,RS_region_onsets
GPi,351625.74848,351636.43904,10.690560000017285,351628.82048,351664.61952,35.79904000001261,3,4.223345458252849,RS_region_onsets
VoSTN,13869.71136,13885.44,15.728640000001178,13871.104,13921.60768,50.503679999999804,3,4.221346357449331,RS_region_onsets
VoSTN,15233.06496,15242.32192,9.256960000000618,15236.5056,15262.35136,25.845760000000155,3,5.059746791347029,RS_region_onsets
VoSTN,16082.37056,16087.77728,5.40672000000086,16084.00896,16254.93504,170.9260800000011,3,5.7580319954725745,RS_region_onsets
VoSTN,39659.3152,39673.40544,14.090240000004997,39660.21632,39702.97856,42.76224000000366,3,4.361618178739297,RS_region_onsets
VoSTN,44780.62592,44983.9104,203.28448000000208,44900.80256,44986.61376,85.81120000000374,8,4.811144433979825,RS_region_onsets
VoSTN,51477.38112,51480.00256,2.6214400000026217,51478.77376,51500.40064,21.62688000000344,3,6.460404974320605,RS_region_onsets
VoSTN,57589.30944,58046.17728,456.86784000000625,57787.43296,58035.65056,248.21760000000359,13,5.301103565591774,RS_region_onsets
VoSTN,61245.0304,61585.73568,340.7052799999947,61403.648,61633.085439999995,229.43743999999424,10,4.193345673467582,RS_region_onsets
VoSTN,63990.53824,64140.24704,149.70880000000034,64088.02304,64176.29184,88.26879999999801,7,5.104872920463739,RS_region_onsets
VoSTN,69030.25664,69112.2176,81.9609599999967,69067.12064,69174.00576,106.88512000000628,6,5.868274607930303,RS_region_onsets
VoSTN,76224.79872,76240.73216,15.933439999993425,76224.79872,76378.60352,153.80479999999807,3,4.361618178739297,RS_region_onsets
VoSTN,85629.952,85659.8528,29.90079999998852,85647.91296,85770.07616,122.16319999999541,4,5.230198465229304,RS_region_onsets
VoSTN,86005.84192,86113.0752,107.23328000000038,86064.47615999999,86217.33888,152.86272000000463,6,5.1293490683801295,RS_region_onsets
VoSTN,87718.83008,87870.30016,151.47007999999914,87823.95392,87876.01408,52.06015999999363,8,6.7386407787811615,RS_region_onsets
VoSTN,93941.26848,94063.73888,122.47040000000561,94019.9936,94252.19584,232.2022399999987,9,9.14367306542269,RS_region_onsets
VoSTN,94701.1584,94862.86848,161.71008000000438,94788.68992,95345.17248,556.4825599999895,7,5.092812152863728,RS_region_onsets
VoSTN,95196.9792,95215.49312,18.513919999997597,95212.13440000001,95351.78752,139.65311999998812,4,6.438998199589214,RS_region_onsets
VoSTN,103738.40896,103752.9088,14.499840000004042,103738.49088,103803.37152,64.88064000000304,3,4.414791100329742,RS_region_onsets
VoSTN,109105.11104,109121.00352,15.892479999994976,109115.51488,109137.67424,22.159359999990556,3,4.158378139575367,RS_region_onsets
VoSTN,109456.5888,109471.90784,15.319040000002133,109471.62112,109574.67648,103.05535999999847,3,4.286361701914013,RS_region_onsets
VoSTN,113151.63136,113816.3712,664.7398399999947,113515.68384,113653.00224,137.31840000000375,16,5.1484051123113845,RS_region_onsets
VoSTN,116371.21024,116459.9296,88.71936000000278,116397.75232,116518.912,121.15967999999702,5,4.399903292812144,RS_region_onsets
VoSTN,119905.60768,120063.67232,158.06463999999687,120010.6496,120189.58335999999,178.93375999998534,8,6.559307381257965,RS_region_onsets
VoSTN,122335.39584,122789.02784,453.6319999999978,122548.0192,122701.25056,153.23136000000522,14,6.033166550722991,RS_region_onsets
VoSTN,124905.96352,124906.00448,0.04095999999844935,124906.00448,124916.40832,10.403839999999036,3,9.63388486808739,RS_region_onsets
VoSTN,125207.26528,125530.60352,323.3382399999973,125367.17312,125415.17824,48.00511999998707,9,4.749322062519495,RS_region_onsets
VoSTN,125784.10496,125862.42048,78.31552000000374,125837.7216,126125.50656,287.78495999998995,5,4.7642905794205355,RS_region_onsets
VoSTN,126353.32608,126404.89472,51.568639999997686,126377.24672,126405.30432,28.057600000000093,4,4.3892921283577415,RS_region_onsets
VoSTN,129678.9504,129824.64512,145.6947199999995,129747.78368,129831.99744,84.21376000001328,8,6.8300883030161454,RS_region_onsets
VoSTN,135398.11328,135415.27552,17.162240000005113,135406.96064,135514.3168,107.35615999999573,3,4.044973007640538,RS_region_onsets
VoSTN,137868.57472,137970.31936,101.74463999998989,137905.88928,137980.7232,74.83392000000458,7,6.786864929534559,RS_region_onsets
VoSTN,140146.85184,140156.43648,9.584640000015497,140146.85184,140508.32384,361.47200000000885,3,5.232989749109127,RS_region_onsets
VoSTN,147666.00192,147680.29696,14.295039999997243,147666.20672,148018.33984,352.13312000001315,3,4.39827912104983,RS_region_onsets
VoSTN,148600.34048,148821.85216,221.51167999999598,148689.48992,148779.8272,90.33728000000701,8,4.275144344621315,RS_region_onsets
VoSTN,149366.04672,149501.41952,135.37279999998282,149436.94848,149525.42208,88.47359999999753,7,5.871275770559937,RS_region_onsets
VoSTN,153517.4656,153879.63392,362.16831999999704,153599.95904,153990.71744,390.75840000002063,13,8.16457420582209,RS_region_onsets
VoSTN,157402.07104,157500.90752,98.83647999999812,157438.48448,157513.64608,75.16159999999218,9,10.707129052881434,RS_region_onsets
VoSTN,161478.00064,161549.76256,71.76191999998991,161516.9536,161604.03456,87.08095999999205,5,4.731832158180204,RS_region_onsets
VoSTN,161972.0192,162011.87328,39.85407999999006,161989.46816,162161.68448,172.21632000000682,4,4.496948029187255,RS_region_onsets
VoSTN,167690.24,167705.43616,15.196160000021337,167693.43488,167848.46848,155.0336000000243,3,4.236455035785291,RS_region_onsets
VoSTN,171196.70272,171341.16864,144.46591999998782,171266.33471999998,171347.47648,81.14176000002772,6,3.974473094840116,RS_region_onsets
VoSTN,172729.18016,172772.51584,43.33568000001833,172755.51744,172792.50432,36.9868800000113,4,4.456710722907708,RS_region_onsets
VoSTN,183272.89856,183437.76256,164.8640000000014,183389.30688,183540.85888,151.55200000002515,7,4.532670840313328,RS_region_onsets
VoSTN,183906.95936,183961.23136,54.271999999997206,183939.44064,184130.048,190.60736000002362,6,7.626844688067429,RS_region_onsets
VoSTN,184545.03424,184635.55584,90.5215999999782,184561.95072,186096.0256,1534.0748800000001,5,4.190225931982528,RS_region_onsets
VoSTN,184815.12448,184829.29664,14.172159999987343,184825.97888,184984.49408,158.51519999999437,3,4.365658588276302,RS_region_onsets
VoSTN,185341.41952,185450.496,109.07648000001791,185411.87072,186196.7872,784.9164799999853,6,4.811728863636461,RS_region_onsets
VoSTN,186320.77312,186325.31968,4.546559999987949,186320.77312,186983.54688,662.773760000011,3,6.2945628901433235,RS_region_onsets
VoSTN,198617.74336,198713.58976,95.84640000000945,198681.31328,199051.18208,369.86879999999655,5,4.080472914044815,RS_region_onsets
VoSTN,203328.38912,203336.82688,8.437760000000708,203336.21248,203592.33536,256.1228800000099,3,5.10021068380437,RS_region_onsets
VoSTN,204919.72608,205003.776,84.04992000001948,204962.6112,205011.18976,48.57855999999447,5,4.1407101251242935,RS_region_onsets
VoSTN,205328.67072,205332.11136,3.4406400000152644,205330.55488,205403.3408,72.7859199999948,3,6.191180012613886,RS_region_onsets
VoSTN,209558.56896,209737.9328,179.36384000000544,209649.82784,209778.81088,128.9830399999919,7,4.079827518177657,RS_region_onsets
VoSTN,216374.92736,217060.22912,685.3017600000021,216663.71584000002,216749.83424,86.11839999997756,22,10.434091094764954,RS_region_onsets
VoSTN,218339.28704,218356.98176,17.694719999999506,218351.69792,218433.49504,81.7971200000029,3,3.973899488188886,RS_region_onsets
VoSTN,220727.41888,220788.65408,61.23519999999553,220759.8592,220811.75552,51.89631999999983,5,5.233626009427695,RS_region_onsets
VoSTN,223707.136,223711.76448,4.628480000013951,223711.68256,223775.3344,63.651840000005905,3,5.971911784642883,RS_region_onsets
VoSTN,224472.80128,224923.48416,450.68287999997847,224736.95232,224854.17984,117.22751999998582,13,5.0458152110068974,RS_region_onsets
VoSTN,227781.09952,227789.86496,8.765440000017406,227787.44832,227855.64672,68.19839999999385,3,5.07122460831158,RS_region_onsets
VoSTN,229749.51424,229985.8944,236.38016000000061,229928.05888,230053.35552,125.29664000001503,9,5.468147507573664,RS_region_onsets
VoSTN,231233.49504,231239.10656,5.611519999976736,231234.06848,231454.80192,220.7334400000109,3,5.632253332094054,RS_region_onsets
VoSTN,232909.04576,232979.00544,69.95967999999993,232960.24576,233040.0768,79.83104000001913,5,5.182219660987183,RS_region_onsets
VoSTN,236375.49056,236384.54272,9.052159999992,236384.50176,236396.21632,11.714559999993071,3,5.220547999265849,RS_region_onsets
VoSTN,237414.56384,237525.77024,111.20640000002459,237510.12352,237522.65728,12.533760000020266,5,4.2085364131970024,RS_region_onsets
VoSTN,247701.2992,247811.8912,110.59200000000419,247760.2816,247820.288,60.006400000012945,6,4.999869912166282,RS_region_onsets
VoSTN,249706.57792,249733.89824,27.3203199999989,249717.53472,249788.80512,71.27040000000852,4,5.494000066565725,RS_region_onsets
VoSTN,250180.32128,250189.29152,8.970239999995101,250180.32128,250349.9776,169.65632000000915,3,5.322319018493337,RS_region_onsets
VoSTN,251697.72544,251743.10912,45.383679999999,251719.2704,251845.3248,126.05439999999362,4,4.144393176415825,RS_region_onsets
VoSTN,261087.15008,261195.9808,108.83071999999811,261139.55839999998,261171.48672,31.92832000000635,6,4.840968719221266,RS_region_onsets
VoSTN,261962.42432,262100.54144,138.1171200000099,262024.72447999998,262096.73216,72.00768000003882,6,4.061372438148676,RS_region_onsets
VoSTN,267699.85536,267740.93824,41.08288000000175,267719.61856,267753.94304,34.324480000010226,4,4.633446043498914,RS_region_onsets
VoSTN,283353.00608,283447.78752,94.78143999999156,283397.65248000005,283516.7232,119.07071999995969,6,5.322898967773483,RS_region_onsets
VoSTN,289322.10688,290024.36608,702.2592000000295,289639.07583999995,289778.54464,139.46880000003148,16,4.175281022708455,RS_region_onsets
VoSTN,292997.48864,293013.79072,16.30207999999402,293005.7216,293066.79296,61.07136000000173,3,4.104417988395165,RS_region_onsets
VoSTN,303384.41216,303400.09984,15.687679999973625,303396.08576,303465.79968,69.71392000000924,3,4.1951777369621315,RS_region_onsets
VoSTN,311518.28992,311591.23968,72.9497599999886,311572.52096,311677.62432,105.10336000000825,5,4.6564826052598,RS_region_onsets
VoSTN,320570.5728,320693.20704,122.63423999998486,320671.98976,320695.13216,23.14239999995334,7,6.630729587612969,RS_region_onsets
VoSTN,321965.58848,322105.26208,139.67360000003828,322060.53376,322124.55424,64.0204800000065,7,5.665181733534466,RS_region_onsets
VoSTN,322685.62432,322732.72832,47.103999999992084,322710.89664,322738.25792,27.361280000011902,5,6.117855785478977,RS_region_onsets
VoSTN,325197.49632,327160.29952,1962.803200000024,326182.21568,326335.30368,153.08799999998882,40,8.153451144275683,RS_region_onsets
VoSTN,327982.85824,328146.04288,163.18464000005042,328069.95967999997,328105.92256,35.96288000000641,6,4.0349985398136745,RS_region_onsets
VoSTN,328793.78432,328802.5088,8.724480000033509,328797.55264,328891.71968,94.16703999997117,3,5.08276867594383,RS_region_onsets
VoSTN,344778.9568,344828.88704,49.930240000016056,344804.61824,345064.5504,259.93216000002576,4,4.215136028267523,RS_region_onsets
VoSTN,351993.56928,352041.20576,47.63647999998648,352033.62815999996,352366.91968,333.29152000002796,6,8.192350998233948,RS_region_onsets
VoSTN,353328.49664,353339.8016,11.304959999979474,353338.55232,353378.18111999996,39.62879999994766,4,7.491517488537664,RS_region_onsets
VoSTN,355856.5888,356172.06272,315.47391999996034,356006.25664,356167.4752,161.21856000000844,11,5.750788378245122,RS_region_onsets
VoSTN,357469.67552,357549.4656,79.79008000000613,357527.30624,357660.22144,132.91519999998854,5,4.508113909523381,RS_region_onsets
VoSTN,363060.0192,363222.38464,162.36544000002323,363146.60864,363319.27552,172.66688000003342,8,5.858175666138463,RS_region_onsets
VoSTN,364265.14432,364279.93088,14.786559999978635,364277.26848,364318.02368,40.75519999995595,3,4.259334238396908,RS_region_onsets
VoSTN,364781.69088,364832.03072,50.339839999971446,364796.33408,364862.62784,66.29375999997137,4,3.97150578361115,RS_region_onsets
VIMPPN,3408.6912,3922.45248,513.7612799999997,3561.51296,3816.61184,255.09888,6,5.506990986026757,RS_region_onsets
VIMPPN,41243.2384,41311.35488,68.11647999999695,41295.38048,41411.9936,116.6131200000018,3,4.284969173088591,RS_region_onsets
VIMPPN,49987.13344,50967.01952,979.8860800000039,50520.59648,50664.448,143.85151999999653,7,4.541838844463713,RS_region_onsets
VIMPPN,79160.60672,80137.54368,976.9369600000064,79719.2192,79915.008,195.7887999999948,7,5.277972615953867,RS_region_onsets
VIMPPN,93695.75424,94063.32928,367.57504000001063,93944.05376,94223.07328,279.01952000000165,9,12.546049663873006,RS_region_onsets
VIMPPN,100124.18048,100155.92448,31.744000000006054,100138.1888,100335.02208,196.83327999999165,4,8.669161827593841,RS_region_onsets
VIMPPN,112265.58464,112369.58208,103.99743999999191,112267.96032,112414.1056,146.145279999997,3,4.007056892232615,RS_region_onsets
VIMPPN,119086.98112,119126.87616,39.895040000003064,119098.5728,119587.30752,488.73472000000766,3,4.823436713216509,RS_region_onsets
VIMPPN,128471.20384,128472.4736,1.2697599999955855,128472.10496,128492.46208,20.357120000000577,3,8.178643039848541,RS_region_onsets
VIMPPN,190931.02592,190935.53152,4.505600000004051,190931.47648,191365.16096,433.68447999999626,3,7.337859860482531,RS_region_onsets
VIMPPN,264568.38144,264780.8,212.41855999996187,264645.26336,264751.86176,106.59840000001714,6,8.925416077872637,RS_region_onsets
VIMPPN,291610.78784,291713.76128,102.97343999997247,291709.50144,291831.02976,121.52831999998307,3,3.9642732885643674,RS_region_onsets
VIMPPN,361429.97504,362599.26016,1169.285120000015,361790.54592,362644.52096,853.9750399999903,7,4.481078854342401,RS_region_onsets
VA,2995.24096,3304.77568,309.5347200000001,3114.0249599999997,3281.77664,167.7516800000003,12,8.03185414689639,RS_region_onsets
VA,16092.28288,16189.15328,96.87039999999979,16139.120640000001,16196.485120000001,57.364480000000185,6,5.1524506035254305,RS_region_onsets
VA,17535.13984,17564.71296,29.573120000000927,17556.500480000002,17585.889280000003,29.38880000000063,4,4.9433919406647675,RS_region_onsets
VA,21051.92448,21318.41024,266.4857599999996,21153.25952,21242.22464,88.96512000000075,9,4.577075255650262,RS_region_onsets
VA,22438.46144,22480.0768,41.61535999999978,22464.26624,22611.5584,147.29216000000088,5,6.077638407557277,RS_region_onsets
VA,24821.59616,24981.58592,159.9897600000004,24892.416,25206.00576,313.58975999999893,7,4.852504269417355,RS_region_onsets
VA,28031.71328,28284.14976,252.4364800000003,28207.94368,28339.54816,131.60447999999815,10,5.853851692230116,RS_region_onsets
VA,30650.32704,30694.76864,44.44159999999829,30678.07744,30806.17984,128.10239999999976,4,4.089157939530267,RS_region_onsets
VA,41733.77536,41800.2944,66.51903999999922,41771.90912,41832.48896,60.57984000000579,5,4.635717813374956,RS_region_onsets
VA,42562.92864,42648.3712,85.44256000000314,42580.35712,42805.514240000004,225.1571200000035,6,5.680196624549609,RS_region_onsets
VA,50972.50816,51309.60896,337.10080000000016,51085.63968,51126.55872,40.91904000000068,11,4.9928869427789335,RS_region_onsets
VA,55947.96032,55949.5168,1.5564799999992829,55949.5168,56129.1264,179.6096000000034,3,6.401365846510361,RS_region_onsets
VA,57968.8448,58055.55712,86.71231999999873,58039.74656,58173.0304,133.2838400000037,5,4.01405437446266,RS_region_onsets
VA,60777.84064,60788.1216,10.280959999996412,60777.92256,60880.896,102.97344000000157,3,4.515787622064652,RS_region_onsets
VA,78722.82624,78925.53728,202.71104000000923,78821.9904,78857.29792,35.307520000002114,7,3.998833511097497,RS_region_onsets
VA,79797.28896,79850.65984,53.370879999987665,79816.82688,79903.9488,87.12192000000505,7,9.233407233822561,RS_region_onsets
VA,88163.61472,88202.93632,39.32159999999567,88172.56448,88247.95136,75.38688000000548,4,4.31320575299382,RS_region_onsets
VA,92233.76896,92239.17568,5.406719999999041,92235.20256,92269.52704,34.324479999995674,3,5.1133314267072425,RS_region_onsets
VA,93556.16256,93621.4528,65.29024000000209,93595.2384,93778.5344,183.2960000000021,5,4.679583925859138,RS_region_onsets
VA,98669.19936,99561.30816,892.1088000000018,99060.0192,99252.1216,192.1024000000034,22,7.270379653508521,RS_region_onsets
VA,101059.46112,101126.10304,66.64191999999457,101105.41824,101150.18752,44.76928000000771,5,4.696158539601502,RS_region_onsets
VA,102320.25088,102359.12192,38.871039999998175,102338.39616,102379.1104,40.714240000001155,5,6.4631827418351016,RS_region_onsets
VA,103417.61024,103428.01408,10.403839999999036,103421.41952,103511.20384,89.78432000000612,3,4.490336560698859,RS_region_onsets
VA,119904.4608,120039.8336,135.37279999999737,119976.09984000001,120082.14528,106.04543999998714,6,4.195858501761964,RS_region_onsets
VA,120921.86624,120922.68544,0.8191999999980908,120921.86624,121293.70112,371.8348799999949,3,6.854518322299667,RS_region_onsets
VA,147027.1488,147344.67072,317.5219199999992,147224.04352,147315.34336,91.2998399999924,13,8.124203400904532,RS_region_onsets
VA,150936.576,150948.74112,12.165119999990566,150942.80192,150966.72256,23.920639999996638,3,4.344078370506502,RS_region_onsets
VA,159000.86272,159003.32032,2.4575999999942724,159000.86272,159198.0032,197.14048000000184,3,6.2232364951560495,RS_region_onsets
VA,162055.12704,162145.03424,89.90720000001602,162073.14944,162115.95264,42.80319999999483,5,4.218367725472373,RS_region_onsets
VA,169555.47648,169623.552,68.07551999998395,169582.22336,169667.95264,85.72927999999956,5,4.797074921732438,RS_region_onsets
VA,173352.87808,173424.80384,71.92576000001281,173391.23712,173597.12256,205.88543999998365,6,6.177735062034799,RS_region_onsets
VA,175695.2576,175897.43616,202.1785600000003,175819.81696000003,175914.02496,94.20799999998417,8,4.699689532352281,RS_region_onsets
VA,180529.27488,180609.51552,80.24063999997452,180560.52736,180632.7808,72.25344000000041,5,4.287747964048297,RS_region_onsets
VA,183251.1488,183376.19968,125.05087999999523,183320.8832,183402.74176,81.8585599999933,6,4.314990134870367,RS_region_onsets
VA,184345.96864,184361.86112,15.892479999980424,184356.98688,184410.84928,53.86239999998361,3,3.9281872632599377,RS_region_onsets
VA,186085.04832,186094.10048,9.052159999992,186093.568,186132.21376,38.64576000001398,4,7.055504197151475,RS_region_onsets
VA,190529.78176,190551.16288,21.381119999976363,190547.3536,190584.5248,37.171200000011595,4,5.614177150108411,RS_region_onsets
VA,202261.2992,202269.45024,8.15103999999701,202265.35424000002,202371.19488000002,105.84064000000944,4,7.478077578876601,RS_region_onsets
VA,204565.25824,204826.8288,261.57055999999284,204651.35616,204833.83296,182.476800000004,11,7.3170067425673775,RS_region_onsets
VA,207309.12768,207369.74848,60.62080000000424,207363.52256,207481.15968,117.63711999999941,5,5.498636540066933,RS_region_onsets
VA,209170.96448,209231.872,60.907520000007935,209222.08256,209294.7456,72.6630399999849,5,5.348134635764023,RS_region_onsets
VA,223888.09728,223892.35712,4.259840000013355,223890.20672,224045.40415999998,155.197439999989,4,8.678763246672212,RS_region_onsets
VA,227518.0544,228121.51808,603.4636800000153,227724.30848,227965.72671999998,241.41823999996996,18,7.4643660966929986,RS_region_onsets
VA,229943.33696,230191.26784,247.9308799999999,230040.63744,230066.50368000002,25.86624000003212,10,6.488326071033359,RS_region_onsets
VA,232916.50048,233330.15552,413.6550400000124,233147.96544,233248.07168,100.1062399999937,12,5.225540557777987,RS_region_onsets
VA,234909.53216,234921.7792,12.247039999987464,234912.19456,234955.40736,43.21280000000843,3,4.278561854180953,RS_region_onsets
VA,236067.59424,236265.22624,197.63199999998324,236226.80576,236270.4896,43.683840000012424,8,5.794866184121821,RS_region_onsets
VA,241423.9744,241435.4432,11.468800000002375,241427.53792,241513.10336,85.56544000000576,3,4.336258216218299,RS_region_onsets
VA,242980.29056,242994.13504,13.844479999999749,242990.57152,243018.1376,27.566079999989597,3,4.100908759224586,RS_region_onsets
VA,249036.55424,249133.83424,97.27999999999884,249099.67359999998,249144.19712,44.523520000017015,6,5.01513450803408,RS_region_onsets
VA,252399.94368,252897.40288,497.45920000001206,252634.7264,252826.4192,191.6927999999898,19,9.83000271504616,RS_region_onsets
VA,257106.98496,257114.7264,7.741440000012517,257107.02592,257156.9152,49.889280000003055,3,4.979762769547996,RS_region_onsets
VA,257707.49952,257713.9712,6.471679999987828,257707.6224,257900.50304,192.8806400000176,3,5.045432266490144,RS_region_onsets
VA,259456.69632,259460.13696,3.4406400000152644,259460.096,259514.368,54.271999999997206,3,5.636623047517471,RS_region_onsets
VA,261486.46912,261572.32128,85.85216000000946,261518.54080000002,261584.52736,65.98655999999028,6,5.739032013867373,RS_region_onsets
VA,264767.0784,264780.14464,13.066240000014659,264773.4272,264902.77888,129.3516800000216,3,4.229870268023776,RS_region_onsets
VA,265190.85056,265194.98752,4.136960000032559,265194.78272,265216.0,21.217279999982566,3,5.351417626557257,RS_region_onsets
VA,281319.54688,281490.80064,171.25375999999233,281411.70688,281515.25376,103.54687999997986,9,6.71280509494668,RS_region_onsets
VA,287009.75104,287021.95712,12.206079999974463,287021.95712,287035.392,13.434880000015255,3,4.4445011715906,RS_region_onsets
VA,290627.01056,290668.99456,41.98399999999674,290647.98208,290934.62016,286.63808000000427,4,4.686647751151579,RS_region_onsets
VA,300716.2368,300833.34144,117.10463999997592,300763.79136,300868.56704,104.77568000002066,7,6.184391160360772,RS_region_onsets
VA,302711.35744,302724.01408,12.656640000001062,302711.35744,302757.64224,46.2848000000231,3,4.4445011715906,RS_region_onsets
VA,308409.71264,308453.5808,43.86816000001272,308427.1616,308572.18048,145.0188799999887,4,4.184338366680393,RS_region_onsets
VA,310189.99808,310400.45056,210.4524800000363,310264.6272,310392.0128,127.38560000003781,8,5.130000544215088,RS_region_onsets
VA,313387.29472,313424.03584,36.7411200000206,313398.4768,313526.04672,127.5699199999799,4,4.62271087630786,RS_region_onsets
VA,317890.64192,317913.53856,22.89663999999175,317900.36991999997,317927.13728,26.767360000056215,4,5.651656375081462,RS_region_onsets
VA,319252.15232,319261.85984,9.707519999996293,319252.15232,319426.60096,174.4486400000169,3,4.926638702695302,RS_region_onsets
VA,320457.80992,320497.4592,39.64927999995416,320476.87679999997,320542.98624,66.10944000002928,4,4.218165374752786,RS_region_onsets
VA,321718.23104,321790.1568,71.92576000001281,321753.57952,321822.1056,68.52607999998145,5,4.535196456003337,RS_region_onsets
VA,322357.94432,322459.27936,101.33503999997629,322408.89856,322491.98592,83.08736000000499,6,4.904055103834025,RS_region_onsets
VA,325200.97792,325207.6544,6.67648000002373,325202.24768,325281.21856,78.97088000003714,3,4.969024469370229,RS_region_onsets
VA,329529.9584,329676.1856,146.227200000023,329595.37152,329732.3008,136.9292800000403,9,8.652561393863692,RS_region_onsets
VA,332918.29248,333745.68448,827.3919999999925,333454.17216,333481.00096,26.8287999999593,19,5.075652949738606,RS_region_onsets
VA,336818.66752,336882.19648,63.5289599999669,336829.11231999996,337018.92096,189.80864000006113,6,6.824297084345375,RS_region_onsets
VA,337439.17056,337809.44896,370.27840000001015,337604.3008,337709.32224,105.02143999998225,12,5.978313774130096,RS_region_onsets
VA,339004.416,339052.78976,48.37375999998767,339028.62336,339081.4208,52.79743999999482,5,5.622322368139123,RS_region_onsets
VA,339266.60096,339336.31488,69.71392000000924,339293.57312,339331.72736,38.15424000000348,6,6.21119400244509,RS_region_onsets
VA,352259.72736,352291.88096,32.15359999996144,352275.21024000004,352389.14048,113.93023999995785,4,4.8161643286491085,RS_region_onsets
VA,353707.70432,353730.10944,22.40511999995215,353718.12864,353966.87872,248.75007999996888,4,5.5241202859075536,RS_region_onsets
VA,357229.24032,357274.29632,45.05600000004051,357254.92224,357310.17728,55.2550400000182,5,5.776461245924178,RS_region_onsets
VA,358248.57088,358441.5744,193.00351999996928,358350.6432,358652.02688,301.3836800000281,9,6.2698916210768685,RS_region_onsets
VA,360835.72736,360904.41728,68.68991999997525,360871.07584,361036.14464,165.0688000000082,5,4.7016987081682515,RS_region_onsets
VA,364328.1408,364332.48256,4.34175999998115,364332.48256,364746.38336,413.9008000000031,3,5.666755551104496,RS_region_onsets
